Issue,Issue_ID
Closing an account,I_3510635
Problem with a credit reporting company's investigation into an existing problem,I_3798538
Managing an account,I_3648593
Fees or interest,I_6999080
Unexpected or other fees,I_2805744
Improper use of your report,I_8801555
Attempts to collect debt not owed,I_1570149
Problem with a purchase or transfer,I_9017186
Incorrect information on your report,I_7782152
Problem with a purchase shown on your statement,I_2292291
Problem caused by your funds being low,I_5781460
Problem with a lender or other company charging your account,I_2611782
Trouble using the card,I_6355741
Opening an account,I_6431567
Closing your account,I_7000941
Fraud or scam,I_1514870
Struggling to pay mortgage,I_5523963
Money was not available when promised,I_6329587
Getting a credit card,I_4015796
Applying for a mortgage or refinancing an existing mortgage,I_9057781
Trouble during payment process,I_4921263
"Other features, terms, or problems",I_4703066
Managing the loan or lease,I_1240949
Problem getting a card or closing an account,I_1628269
Confusing or misleading advertising or marketing,I_4172465
"Advertising and marketing, including promotional offers",I_6811189
Unauthorized transactions or other transaction problem,I_8734673
Credit monitoring or identity theft protection services,I_9857930
Other transaction problem,I_6729142
Struggling to pay your bill,I_3506876
Took or threatened to take negative or legal action,I_2549789
Written notification about debt,I_4465367
Problem with customer service,I_7597634
Problem when making payments,I_2992170
Problem with fraud alerts or security freezes,I_2454143
Identity theft protection or other monitoring services,I_9718451
Getting a loan or lease,I_4477957
False statements or representation,I_1800595
Confusing or missing disclosures,I_5763596
Closing on a mortgage,I_1858175
Trouble using your card,I_5233037
Struggling to pay your loan,I_2431397
Problem with overdraft,I_4216482
Problem with a company's investigation into an existing issue,I_5200827
Communication tactics,I_7351496
"Overdraft, savings, or rewards features",I_9534287
Advertising,I_6392324
Problems at the end of the loan or lease,I_8364874
Threatened to contact someone or share information improperly,I_1719087
Lost or stolen money order,I_7733528
Other service problem,I_2109245
Wrong amount charged or received,I_5491840
Problem adding money,I_3148479
Getting a line of credit,I_4837126
Incorrect exchange rate,I_1548780
Unable to get your credit report or credit score,I_1812036
Charged fees or interest you didn't expect,I_6834952
Dealing with your lender or servicer,I_7201086
Lost or stolen check,I_1513251
Problem with additional add-on products or services,I_5498434
Problem with the payoff process at the end of the loan,I_7433942
Excessive fees,I_6852293
Incorrect information on credit report,I_9082488
Credit reporting company's investigation,I_2046437
Disclosure verification of debt,I_3714444
Improper contact or sharing of info,I_5289757
Settlement process and costs,I_5155996
"Application, originator, mortgage broker",I_2806126
"Loan servicing, payments, escrow account",I_4197360
Other fee,I_2816623
Credit line increase/decrease,I_2261947
Taking/threatening an illegal action,I_5455278
Incorrect information on credit report,I_6424884
Incorrect information on credit report,I_6173324
Credit decision / Underwriting,I_6660746
Incorrect information on credit report,I_4993199
Improper use of my credit report,I_3527265
"Loan servicing, payments, escrow account",I_4552544
"Loan modification,collection,foreclosure",I_2798358
Rewards,I_4244869
Incorrect information on credit report,I_6165389
Incorrect information on credit report,I_6177746
"Loan servicing, payments, escrow account",I_4418362
Problems caused by my funds being low,I_2911069
"Account opening, closing, or management",I_6079357
Can't repay my loan,I_8147973
"Making/receiving payments, sending money",I_4871155
Taking out the loan or lease,I_7008174
Unable to get credit report/credit score,I_6755222
Settlement process and costs,I_1301892
Other transaction issues,I_1509084
Other transaction issues,I_5479874
"Loan modification,collection,foreclosure",I_1145164
"Loan servicing, payments, escrow account",I_6860360
"Loan servicing, payments, escrow account",I_7289652
Disclosure verification of debt,I_8238590
"Loan servicing, payments, escrow account",I_6341751
Incorrect information on credit report,I_7210870
Unable to get credit report/credit score,I_2320881
Incorrect information on credit report,I_8633362
Can't repay my loan,I_9557658
Dealing with my lender or servicer,I_8001028
Cont'd attempts collect debt not owed,I_3548489
Incorrect information on credit report,I_3382973
Settlement process and costs,I_5910781
Incorrect information on credit report,I_9388439
Disclosure verification of debt,I_8294434
Settlement process and costs,I_8784252
Cont'd attempts collect debt not owed,I_8748944
Dealing with my lender or servicer,I_2925830
Taking out the loan or lease,I_2426966
"Loan servicing, payments, escrow account",I_5025184
Credit reporting company's investigation,I_9661179
"Application, originator, mortgage broker",I_5979832
Credit card protection / Debt protection,I_9264983
Taking/threatening an illegal action,I_6671457
Cont'd attempts collect debt not owed,I_6370037
Credit determination,I_7585980
Incorrect information on credit report,I_7605678
Privacy,I_4887423
Problems caused by my funds being low,I_4396791
Cont'd attempts collect debt not owed,I_6216661
"Application, originator, mortgage broker",I_7783765
"Loan modification,collection,foreclosure",I_1970297
Disclosure verification of debt,I_6320840
"Loan servicing, payments, escrow account",I_4936037
Incorrect information on credit report,I_4030276
Cont'd attempts collect debt not owed,I_5148623
Dealing with my lender or servicer,I_2150049
Improper contact or sharing of info,I_8267029
Cont'd attempts collect debt not owed,I_9450123
Credit reporting company's investigation,I_8694575
Problems caused by my funds being low,I_1286143
Incorrect information on credit report,I_8244241
Customer service / Customer relations,I_2584696
Unsolicited issuance of credit card,I_8471826
"Account opening, closing, or management",I_8786982
Cont'd attempts collect debt not owed,I_3480847
Disclosure verification of debt,I_4718632
Improper use of my credit report,I_4327596
"Making/receiving payments, sending money",I_4573352
"Loan modification,collection,foreclosure",I_7558072
Cont'd attempts collect debt not owed,I_3791330
Cont'd attempts collect debt not owed,I_9478253
Incorrect information on credit report,I_5231025
Cont'd attempts collect debt not owed,I_8507586
Cont'd attempts collect debt not owed,I_1154854
Can't repay my loan,I_2012842
Unable to get credit report/credit score,I_6507843
Credit line increase/decrease,I_7352258
Closing/Cancelling account,I_2791039
"Account opening, closing, or management",I_8641145
Cont'd attempts collect debt not owed,I_9502880
Billing disputes,I_5604143
"Account opening, closing, or management",I_7277292
Deposits and withdrawals,I_4832968
Dealing with my lender or servicer,I_2947383
Disclosure verification of debt,I_6356367
Cont'd attempts collect debt not owed,I_4419598
"Account opening, closing, or management",I_9941225
Credit reporting company's investigation,I_3706558
"Loan modification,collection,foreclosure",I_5664173
Charged fees or interest I didn't expect,I_6087788
"Account opening, closing, or management",I_3242933
Credit reporting company's investigation,I_6100781
Problems when you are unable to pay,I_3778068
Identity theft / Fraud / Embezzlement,I_2369495
"Loan modification,collection,foreclosure",I_4316486
Disclosure verification of debt,I_4700367
"Loan modification,collection,foreclosure",I_1798730
Rewards,I_7088662
Bankruptcy,I_2689545
Credit reporting company's investigation,I_6200992
Other fee,I_8825170
Delinquent account,I_4893468
"Loan servicing, payments, escrow account",I_5430063
Deposits and withdrawals,I_7136765
Incorrect information on credit report,I_4058980
Credit reporting company's investigation,I_6041178
Billing disputes,I_1785145
Credit reporting company's investigation,I_6230937
"Loan modification,collection,foreclosure",I_9957153
"Loan servicing, payments, escrow account",I_6361539
Disclosure verification of debt,I_4000751
"Loan servicing, payments, escrow account",I_8844285
Dealing with my lender or servicer,I_3397990
Improper contact or sharing of info,I_6660967
"Loan modification,collection,foreclosure",I_8483596
"Account opening, closing, or management",I_8214341
Disclosure verification of debt,I_3181786
Taking/threatening an illegal action,I_4185264
Disclosure verification of debt,I_3502752
"Loan servicing, payments, escrow account",I_3156768
Billing disputes,I_4732988
Incorrect information on credit report,I_2447185
Cont'd attempts collect debt not owed,I_5346856
Incorrect information on credit report,I_6169584
"Account opening, closing, or management",I_3703770
Dealing with my lender or servicer,I_5788955
Identity theft / Fraud / Embezzlement,I_6589048
Incorrect information on credit report,I_6636869
Deposits and withdrawals,I_2765346
Cont'd attempts collect debt not owed,I_3973392
Incorrect information on credit report,I_4469843
Credit reporting company's investigation,I_4122035
Disclosure verification of debt,I_1610066
"Application, originator, mortgage broker",I_6051827
Rewards,I_6176588
Other fee,I_5783722
Incorrect information on credit report,I_1486632
Cont'd attempts collect debt not owed,I_5038229
Billing disputes,I_4310235
Incorrect information on credit report,I_8319078
Cont'd attempts collect debt not owed,I_1884578
Payoff process,I_9969940
"Loan servicing, payments, escrow account",I_7470693
"Account opening, closing, or management",I_3416924
Unsolicited issuance of credit card,I_7176888
Credit decision / Underwriting,I_5931937
Problems when you are unable to pay,I_7064724
Cont'd attempts collect debt not owed,I_7981495
Problems caused by my funds being low,I_7762793
Billing disputes,I_5169867
Incorrect information on credit report,I_8267064
Taking out the loan or lease,I_4280237
Unable to get credit report/credit score,I_7848028
Credit card protection / Debt protection,I_9098033
"Loan modification,collection,foreclosure",I_6518450
Credit decision / Underwriting,I_7979499
Incorrect information on credit report,I_7700444
Problems caused by my funds being low,I_3553237
Cont'd attempts collect debt not owed,I_1438661
Improper use of my credit report,I_7919182
Dealing with my lender or servicer,I_6975857
Credit card protection / Debt protection,I_7382086
"Loan servicing, payments, escrow account",I_4016078
Disclosure verification of debt,I_1701222
Cont'd attempts collect debt not owed,I_7285062
Charged fees or interest I didn't expect,I_6781764
"Account opening, closing, or management",I_8051787
"Managing, opening, or closing account",I_7615122
Credit card protection / Debt protection,I_4682548
Dealing with my lender or servicer,I_7121681
Credit reporting company's investigation,I_7265964
Cont'd attempts collect debt not owed,I_5891979
Disclosure verification of debt,I_6644558
Disclosure verification of debt,I_1955881
Unauthorized transactions/trans. issues,I_2796039
Credit monitoring or identity protection,I_8161182
Incorrect information on credit report,I_3788245
Deposits and withdrawals,I_3915875
"Application, originator, mortgage broker",I_9651622
Incorrect information on credit report,I_1474485
Cont'd attempts collect debt not owed,I_4714650
"Application, originator, mortgage broker",I_8570530
Problems when you are unable to pay,I_5334782
Closing/Cancelling account,I_6012969
Problems caused by my funds being low,I_8106634
"Loan servicing, payments, escrow account",I_8810926
Cont'd attempts collect debt not owed,I_1976442
"Account opening, closing, or management",I_4516382
Can't repay my loan,I_5381844
Incorrect information on credit report,I_7614256
Deposits and withdrawals,I_3136833
Can't repay my loan,I_1159736
Identity theft / Fraud / Embezzlement,I_9208145
"Loan modification,collection,foreclosure",I_7684156
Billing disputes,I_5778953
Can't repay my loan,I_7549932
Settlement process and costs,I_8712588
"Application, originator, mortgage broker",I_2383894
Credit reporting company's investigation,I_8511793
Incorrect information on credit report,I_7270538
Credit card protection / Debt protection,I_5989978
Dealing with my lender or servicer,I_1817044
Credit reporting company's investigation,I_7697740
Identity theft / Fraud / Embezzlement,I_8319490
Incorrect information on credit report,I_4026950
"Account opening, closing, or management",I_7321223
Improper contact or sharing of info,I_5035942
"Loan modification,collection,foreclosure",I_5359235
Dealing with my lender or servicer,I_5830067
Deposits and withdrawals,I_4781457
Cont'd attempts collect debt not owed,I_5006551
Billing disputes,I_6003665
"Loan servicing, payments, escrow account",I_7582083
Cont'd attempts collect debt not owed,I_9700739
Unable to get credit report/credit score,I_6401635
Advertising and marketing,I_4123968
Taking out the loan or lease,I_5174038
Cont'd attempts collect debt not owed,I_2218895
Incorrect information on credit report,I_9053446
Incorrect information on credit report,I_2184855
Problems when you are unable to pay,I_1723153
"Loan modification,collection,foreclosure",I_5030190
Problems caused by my funds being low,I_9457598
Cont'd attempts collect debt not owed,I_3261185
Settlement process and costs,I_8012643
"Loan modification,collection,foreclosure",I_4002533
Disclosure verification of debt,I_4431827
Incorrect information on credit report,I_4254929
Cont'd attempts collect debt not owed,I_7563663
Dealing with my lender or servicer,I_2144648
"Loan servicing, payments, escrow account",I_2405253
"Account opening, closing, or management",I_2169943
Credit reporting company's investigation,I_6293990
Credit line increase/decrease,I_6242976
Improper contact or sharing of info,I_7107793
Incorrect information on credit report,I_3308068
Other fee,I_6365481
Incorrect information on credit report,I_1690675
"Account opening, closing, or management",I_7220039
Cont'd attempts collect debt not owed,I_9025781
Cont'd attempts collect debt not owed,I_6244051
Deposits and withdrawals,I_8047835
Charged bank acct wrong day or amt,I_8155493
Taking out the loan or lease,I_9399173
Cont'd attempts collect debt not owed,I_6358223
Incorrect information on credit report,I_7015889
Disclosure verification of debt,I_4306731
Other,I_3456435
Disclosure verification of debt,I_4964022
"Loan servicing, payments, escrow account",I_5370394
"Loan modification,collection,foreclosure",I_9443049
Unable to get credit report/credit score,I_2716044
"Account opening, closing, or management",I_4086688
Cont'd attempts collect debt not owed,I_3614088
"Account opening, closing, or management",I_9780768
Dealing with my lender or servicer,I_7899357
Cont'd attempts collect debt not owed,I_9054844
Cont'd attempts collect debt not owed,I_8632344
Incorrect information on credit report,I_8571491
Cont'd attempts collect debt not owed,I_6102139
"Loan servicing, payments, escrow account",I_6587763
Incorrect information on credit report,I_4122670
"Loan servicing, payments, escrow account",I_1557583
Using a debit or ATM card,I_2184871
"Loan modification,collection,foreclosure",I_8402957
"Loan servicing, payments, escrow account",I_5512557
Credit card protection / Debt protection,I_4003962
Cont'd attempts collect debt not owed,I_3456136
Disclosure verification of debt,I_6290233
"Loan modification,collection,foreclosure",I_4439332
Credit reporting company's investigation,I_1498732
Improper contact or sharing of info,I_6950683
"Loan servicing, payments, escrow account",I_4067472
"Loan modification,collection,foreclosure",I_4248556
"Application, originator, mortgage broker",I_5578523
Incorrect information on credit report,I_7954475
Credit reporting company's investigation,I_6925574
Credit reporting company's investigation,I_1123938
Taking/threatening an illegal action,I_5783258
Credit reporting company's investigation,I_4322573
Identity theft / Fraud / Embezzlement,I_2711264
Shopping for a loan or lease,I_1552834
Incorrect information on credit report,I_7392192
Taking out the loan or lease,I_5110938
Transaction issue,I_8552426
Improper contact or sharing of info,I_7822793
Improper use of my credit report,I_7121242
Billing disputes,I_4514433
"Loan modification,collection,foreclosure",I_2715890
Cont'd attempts collect debt not owed,I_3771281
Dealing with my lender or servicer,I_3248291
Disclosure verification of debt,I_1703297
Improper contact or sharing of info,I_5660948
Disclosure verification of debt,I_3703035
Incorrect information on credit report,I_9933431
Problems when you are unable to pay,I_2716344
"Application, originator, mortgage broker",I_8124655
"Loan servicing, payments, escrow account",I_4291870
Incorrect information on credit report,I_5686754
Improper use of my credit report,I_6489998
Cont'd attempts collect debt not owed,I_9104593
Taking/threatening an illegal action,I_1701775
Unable to get credit report/credit score,I_9927679
APR or interest rate,I_8661043
Settlement process and costs,I_7466047
Taking out the loan or lease,I_3416144
"Loan servicing, payments, escrow account",I_2320530
Incorrect information on credit report,I_3825683
Getting a loan,I_4341881
Cont'd attempts collect debt not owed,I_4025269
"Loan modification,collection,foreclosure",I_6347640
Incorrect information on credit report,I_3928697
Incorrect information on credit report,I_8802786
Can't repay my loan,I_6331648
Unable to get credit report/credit score,I_9147559
Can't repay my loan,I_7008022
"Application, originator, mortgage broker",I_9407675
Credit reporting company's investigation,I_7260344
Identity theft / Fraud / Embezzlement,I_7473456
Problems caused by my funds being low,I_5473360
Cont'd attempts collect debt not owed,I_2575831
Incorrect information on credit report,I_9145834
"Account opening, closing, or management",I_2997454
Rewards,I_6813323
"Loan modification,collection,foreclosure",I_8609650
Incorrect information on credit report,I_4537297
Payoff process,I_7233661
Cont'd attempts collect debt not owed,I_1743624
"Account opening, closing, or management",I_4023758
Billing disputes,I_6279472
Other fee,I_4263844
Incorrect information on credit report,I_3032739
Incorrect information on credit report,I_5757628
Incorrect information on credit report,I_4595445
Incorrect information on credit report,I_5585687
Taking/threatening an illegal action,I_3371950
"Loan modification,collection,foreclosure",I_4645052
Billing disputes,I_6362376
Deposits and withdrawals,I_9634735
"Loan servicing, payments, escrow account",I_8048925
Credit line increase/decrease,I_7545596
"Account opening, closing, or management",I_5158340
Taking out the loan or lease,I_3692834
Deposits and withdrawals,I_2253769
"Loan servicing, payments, escrow account",I_8786478
Settlement process and costs,I_8610449
Taking/threatening an illegal action,I_1842939
"Loan servicing, payments, escrow account",I_2398137
Credit reporting company's investigation,I_5701984
Taking/threatening an illegal action,I_1984479
Customer service / Customer relations,I_3433133
"Account opening, closing, or management",I_7746639
Billing statement,I_6919422
Other,I_3929656
Cont'd attempts collect debt not owed,I_5650387
Credit monitoring or identity protection,I_6151028
Disclosure verification of debt,I_2864122
Incorrect information on credit report,I_7893391
"Loan servicing, payments, escrow account",I_1568667
Cont'd attempts collect debt not owed,I_9945126
Charged fees or interest I didn't expect,I_6059848
Credit reporting company's investigation,I_2281481
Application processing delay,I_6880953
Cont'd attempts collect debt not owed,I_4090268
Incorrect information on credit report,I_4847747
"Loan modification,collection,foreclosure",I_6756481
Disclosure verification of debt,I_7587732
"Loan modification,collection,foreclosure",I_6811427
"Loan modification,collection,foreclosure",I_5589848
Incorrect information on credit report,I_9269625
"Account opening, closing, or management",I_6470427
Disclosure verification of debt,I_2006547
Dealing with my lender or servicer,I_7347474
"Account opening, closing, or management",I_5478240
Incorrect information on credit report,I_4005888
"Loan servicing, payments, escrow account",I_2437080
Rewards,I_4994376
Improper contact or sharing of info,I_6037723
Cont'd attempts collect debt not owed,I_3550035
Taking out the loan or lease,I_9885652
Incorrect information on credit report,I_8316523
"Loan modification,collection,foreclosure",I_9212786
Taking/threatening an illegal action,I_8794562
"Managing, opening, or closing account",I_1811944
"Loan servicing, payments, escrow account",I_2433841
Incorrect information on credit report,I_2849160
Transaction issue,I_4326658
"Application, originator, mortgage broker",I_3864738
"Loan modification,collection,foreclosure",I_9020969
Customer service / Customer relations,I_6556092
Incorrect information on credit report,I_6166056
Cont'd attempts collect debt not owed,I_6308044
Incorrect information on credit report,I_1310485
Billing disputes,I_6082423
Incorrect information on credit report,I_9736339
Settlement process and costs,I_6789843
Cont'd attempts collect debt not owed,I_6434886
"Loan servicing, payments, escrow account",I_5801442
"Making/receiving payments, sending money",I_2685088
Deposits and withdrawals,I_9013958
Closing/Cancelling account,I_8940081
Problems when you are unable to pay,I_5550923
"Loan modification,collection,foreclosure",I_7220971
Disclosure verification of debt,I_4443671
Billing disputes,I_1173526
"Loan servicing, payments, escrow account",I_1652080
"Application, originator, mortgage broker",I_6891823
Cont'd attempts collect debt not owed,I_2450632
"Loan modification,collection,foreclosure",I_5863922
"Account opening, closing, or management",I_2617942
Disclosure verification of debt,I_9023584
Deposits and withdrawals,I_4322246
Taking/threatening an illegal action,I_5717770
Cont'd attempts collect debt not owed,I_9837622
Credit reporting company's investigation,I_5665893
Using a debit or ATM card,I_8887469
Cont'd attempts collect debt not owed,I_2134163
Incorrect information on credit report,I_3258084
"Loan servicing, payments, escrow account",I_6449965
Incorrect information on credit report,I_9588071
Credit reporting company's investigation,I_9467669
Unauthorized transactions/trans. issues,I_8051676
Other,I_6028485
Cont'd attempts collect debt not owed,I_2947584
Unable to get credit report/credit score,I_2895028
"Account opening, closing, or management",I_2195579
"Loan servicing, payments, escrow account",I_2567444
"Account opening, closing, or management",I_9120956
Disclosure verification of debt,I_6181788
Advertising and marketing,I_3736175
Incorrect information on credit report,I_2301796
Sale of account,I_8375679
Can't repay my loan,I_7171536
Can't repay my loan,I_4869868
Billing disputes,I_6566554
Cont'd attempts collect debt not owed,I_1630470
Cont'd attempts collect debt not owed,I_6306626
Applied for loan/did not receive money,I_5984470
Incorrect information on credit report,I_9624742
Credit reporting company's investigation,I_7993650
Credit reporting company's investigation,I_4720997
Charged fees or interest I didn't expect,I_3989432
Billing disputes,I_4021231
Using a debit or ATM card,I_1277668
Credit line increase/decrease,I_8019873
Incorrect information on credit report,I_6007580
Can't stop charges to bank account,I_4050890
Incorrect information on credit report,I_9324636
Disclosure verification of debt,I_2703772
Incorrect information on credit report,I_8734193
Cont'd attempts collect debt not owed,I_9170291
"Loan modification,collection,foreclosure",I_5975560
Incorrect information on credit report,I_3688627
Cont'd attempts collect debt not owed,I_5086384
Incorrect information on credit report,I_1886446
Billing disputes,I_9209255
Improper contact or sharing of info,I_3365294
Disclosure verification of debt,I_9735399
"Account opening, closing, or management",I_9198359
"Loan servicing, payments, escrow account",I_6989292
Disclosure verification of debt,I_3001434
Unable to get credit report/credit score,I_4468178
Closing/Cancelling account,I_1288971
Incorrect information on credit report,I_6248649
Incorrect information on credit report,I_6216659
Taking out the loan or lease,I_4761053
Credit reporting company's investigation,I_6456659
Other,I_7786152
Improper use of my credit report,I_6221047
Incorrect information on credit report,I_2068123
Shopping for a loan or lease,I_8836639
Dealing with my lender or servicer,I_1264631
Dealing with my lender or servicer,I_3303584
Billing disputes,I_6121474
Other fee,I_7041385
"Loan servicing, payments, escrow account",I_1434964
Taking out the loan or lease,I_5783926
"Loan modification,collection,foreclosure",I_1402551
Other transaction issues,I_6512687
"Application, originator, mortgage broker",I_9274393
Incorrect information on credit report,I_3165357
"Account opening, closing, or management",I_7816951
"Application, originator, mortgage broker",I_1920649
Using a debit or ATM card,I_1832982
"Loan servicing, payments, escrow account",I_9604332
Incorrect information on credit report,I_8192174
Shopping for a loan or lease,I_3494288
Incorrect information on credit report,I_3244122
"Loan servicing, payments, escrow account",I_8155657
Credit decision / Underwriting,I_7046647
Incorrect information on credit report,I_9312981
Improper contact or sharing of info,I_1250399
Closing/Cancelling account,I_1418334
Can't repay my loan,I_2973944
Cont'd attempts collect debt not owed,I_3963156
"Account opening, closing, or management",I_3854696
Other,I_4935747
"Loan modification,collection,foreclosure",I_6653632
"Loan servicing, payments, escrow account",I_8740233
Cont'd attempts collect debt not owed,I_5912349
Problems when you are unable to pay,I_1537237
Incorrect information on credit report,I_2981984
Incorrect information on credit report,I_1828974
Cont'd attempts collect debt not owed,I_3148665
"Loan modification,collection,foreclosure",I_9345922
Privacy,I_6975127
"Loan modification,collection,foreclosure",I_9383589
"Loan servicing, payments, escrow account",I_2248665
Improper use of my credit report,I_5379560
Incorrect information on credit report,I_3062787
Credit reporting company's investigation,I_5627590
Incorrect information on credit report,I_8961182
"Account opening, closing, or management",I_9521324
"Application, originator, mortgage broker",I_3868293
Improper contact or sharing of info,I_2850974
"Account opening, closing, or management",I_8961857
Taking out the loan or lease,I_8087074
Disclosure verification of debt,I_3774745
Dealing with my lender or servicer,I_2742362
"Loan servicing, payments, escrow account",I_4837835
Incorrect information on credit report,I_6653527
Disclosure verification of debt,I_4657177
Incorrect information on credit report,I_9608148
"Loan servicing, payments, escrow account",I_5481466
Transaction issue,I_6438160
"Loan servicing, payments, escrow account",I_9093626
Cont'd attempts collect debt not owed,I_3143757
Deposits and withdrawals,I_5126339
"Loan servicing, payments, escrow account",I_8856488
"Loan modification,collection,foreclosure",I_2345046
Settlement process and costs,I_7494329
Settlement process and costs,I_3776343
Incorrect information on credit report,I_9740745
"Loan modification,collection,foreclosure",I_6961691
Rewards,I_2928786
Incorrect information on credit report,I_2580057
Disclosure verification of debt,I_4817876
Cont'd attempts collect debt not owed,I_1716779
Disclosure verification of debt,I_7852124
Credit reporting company's investigation,I_7108633
Billing statement,I_1500996
Improper contact or sharing of info,I_5914584
Dealing with my lender or servicer,I_4577571
"Loan servicing, payments, escrow account",I_9026243
Taking/threatening an illegal action,I_5873068
Incorrect information on credit report,I_6314437
Problems when you are unable to pay,I_5588323
Credit reporting company's investigation,I_2640762
Incorrect information on credit report,I_5330858
Incorrect information on credit report,I_9215936
Improper use of my credit report,I_1425298
Credit line increase/decrease,I_6971654
Dealing with my lender or servicer,I_8033396
"Making/receiving payments, sending money",I_9479985
"Loan modification,collection,foreclosure",I_1997267
Incorrect information on credit report,I_9839151
Cont'd attempts collect debt not owed,I_8579478
"Loan modification,collection,foreclosure",I_1915079
"Account opening, closing, or management",I_3199834
"Loan modification,collection,foreclosure",I_3098494
"Loan modification,collection,foreclosure",I_7993333
"Loan servicing, payments, escrow account",I_3426139
Deposits and withdrawals,I_9983949
Billing statement,I_4147123
Cont'd attempts collect debt not owed,I_2598372
Settlement process and costs,I_8569238
Other transaction issues,I_4358173
Incorrect information on credit report,I_7804424
Deposits and withdrawals,I_8485277
Forbearance / Workout plans,I_5561097
Cont'd attempts collect debt not owed,I_9332925
"Application, originator, mortgage broker",I_8185371
Cont'd attempts collect debt not owed,I_9747071
"Application, originator, mortgage broker",I_7920336
Incorrect information on credit report,I_7035373
"Making/receiving payments, sending money",I_4734455
Incorrect information on credit report,I_1189279
"Loan modification,collection,foreclosure",I_4241892
Improper contact or sharing of info,I_4404889
Rewards,I_7891861
Rewards,I_3271847
"Account opening, closing, or management",I_9054689
"Loan servicing, payments, escrow account",I_4020961
Billing statement,I_2072042
"Loan modification,collection,foreclosure",I_5834992
Late fee,I_4986298
Problems caused by my funds being low,I_5361391
Improper use of my credit report,I_3703887
Incorrect information on credit report,I_1895467
"Loan servicing, payments, escrow account",I_5357533
Incorrect information on credit report,I_1215972
Dealing with my lender or servicer,I_1457891
Billing disputes,I_3168977
Disclosure verification of debt,I_2319642
"Account opening, closing, or management",I_9876262
"Account opening, closing, or management",I_2938836
Incorrect information on credit report,I_7061162
Cont'd attempts collect debt not owed,I_1739176
Credit reporting company's investigation,I_4543137
Incorrect information on credit report,I_7414277
Dealing with my lender or servicer,I_8127598
Received a loan I didn't apply for,I_8668083
Incorrect information on credit report,I_5373048
Disclosure verification of debt,I_5987431
"Managing, opening, or closing account",I_3014895
Cont'd attempts collect debt not owed,I_2482026
Incorrect information on credit report,I_5398497
Credit reporting company's investigation,I_8566479
"Loan servicing, payments, escrow account",I_4489088
Dealing with my lender or servicer,I_2642593
"Loan servicing, payments, escrow account",I_9315292
Improper use of my credit report,I_7545777
Improper contact or sharing of info,I_1856942
Advertising and marketing,I_7783493
"Loan modification,collection,foreclosure",I_1306980
"Account opening, closing, or management",I_8890240
"Account opening, closing, or management",I_7648729
Credit reporting company's investigation,I_5280677
Credit decision / Underwriting,I_6967546
Dealing with my lender or servicer,I_9591668
Disclosure verification of debt,I_7037352
Disclosure verification of debt,I_7528155
Cont'd attempts collect debt not owed,I_2115444
"Loan servicing, payments, escrow account",I_3542984
"Loan servicing, payments, escrow account",I_6084124
"Account opening, closing, or management",I_7672278
Other transaction issues,I_5580242
Problems when you are unable to pay,I_2010440
Taking out the loan or lease,I_8118973
Improper contact or sharing of info,I_7953432
Closing/Cancelling account,I_8891192
Deposits and withdrawals,I_8167060
Incorrect information on credit report,I_4944534
Deposits and withdrawals,I_5441567
"Account opening, closing, or management",I_7788339
"Loan modification,collection,foreclosure",I_3191745
Credit reporting company's investigation,I_9642185
Can't repay my loan,I_1444475
Improper contact or sharing of info,I_7896560
Cont'd attempts collect debt not owed,I_9694497
Disclosure verification of debt,I_3720171
"Loan servicing, payments, escrow account",I_1920093
Identity theft / Fraud / Embezzlement,I_6544241
"Loan servicing, payments, escrow account",I_3335263
Unable to get credit report/credit score,I_1966576
Disclosure verification of debt,I_2339796
"Account opening, closing, or management",I_4473727
Cont'd attempts collect debt not owed,I_7625181
Dealing with my lender or servicer,I_8161548
Can't repay my loan,I_8655882
Can't repay my loan,I_2404870
Incorrect information on credit report,I_4875473
Taking/threatening an illegal action,I_2673656
"Loan servicing, payments, escrow account",I_3715332
"Application, originator, mortgage broker",I_8449924
Disclosure verification of debt,I_5363599
Dealing with my lender or servicer,I_4000153
Taking/threatening an illegal action,I_9571957
"Account opening, closing, or management",I_8129570
Disclosure verification of debt,I_1407055
Incorrect information on credit report,I_5381175
Credit decision / Underwriting,I_3381971
"Application, originator, mortgage broker",I_4097932
Cont'd attempts collect debt not owed,I_8491063
Cont'd attempts collect debt not owed,I_2928378
"Loan modification,collection,foreclosure",I_8544339
Dealing with my lender or servicer,I_5556987
Taking/threatening an illegal action,I_6245961
Settlement process and costs,I_1174093
Cont'd attempts collect debt not owed,I_6228481
Dealing with my lender or servicer,I_6208099
Identity theft / Fraud / Embezzlement,I_5337428
Other,I_3949668
Cont'd attempts collect debt not owed,I_5401057
Dealing with my lender or servicer,I_5653658
Problems when you are unable to pay,I_3204287
Credit reporting company's investigation,I_9237358
"Loan servicing, payments, escrow account",I_1724926
Can't repay my loan,I_6865870
"Loan servicing, payments, escrow account",I_2763178
"Account opening, closing, or management",I_3916892
Taking/threatening an illegal action,I_4801347
Incorrect information on credit report,I_2133678
Other,I_8922736
Taking/threatening an illegal action,I_5168786
"Loan servicing, payments, escrow account",I_7069552
Charged fees or interest I didn't expect,I_2062273
Incorrect information on credit report,I_9759156
Problems caused by my funds being low,I_2232181
Cont'd attempts collect debt not owed,I_5007286
"Application, originator, mortgage broker",I_6249570
Cont'd attempts collect debt not owed,I_3662232
Cont'd attempts collect debt not owed,I_8673377
Incorrect information on credit report,I_1397726
Incorrect information on credit report,I_5435262
Cont'd attempts collect debt not owed,I_1649884
Incorrect information on credit report,I_7779744
"Account opening, closing, or management",I_4785056
"Loan servicing, payments, escrow account",I_3539445
Improper contact or sharing of info,I_6700926
"Application, originator, mortgage broker",I_1568636
Dealing with my lender or servicer,I_6708032
Dealing with my lender or servicer,I_8904052
Balance transfer,I_7393574
Incorrect information on credit report,I_6792550
Dealing with my lender or servicer,I_2381598
"Loan servicing, payments, escrow account",I_8189758
Credit reporting company's investigation,I_9019562
"Loan servicing, payments, escrow account",I_2086799
"Loan modification,collection,foreclosure",I_8473333
Billing disputes,I_7984826
Problems when you are unable to pay,I_2311026
"Account opening, closing, or management",I_2734243
Incorrect information on credit report,I_1665229
Cont'd attempts collect debt not owed,I_5200964
Cont'd attempts collect debt not owed,I_2464674
Received a loan I didn't apply for,I_2414967
Disclosure verification of debt,I_7728040
"Application, originator, mortgage broker",I_8870582
Cont'd attempts collect debt not owed,I_7484531
Other,I_6026072
Cont'd attempts collect debt not owed,I_4980627
Credit reporting company's investigation,I_2379747
Shopping for a loan or lease,I_4623957
"Loan servicing, payments, escrow account",I_4101922
"Account opening, closing, or management",I_7310243
Taking/threatening an illegal action,I_5156377
"Loan modification,collection,foreclosure",I_6188327
Dealing with my lender or servicer,I_5159054
Billing disputes,I_5072969
Fees,I_6435744
Cont'd attempts collect debt not owed,I_6358726
Incorrect information on credit report,I_4343292
APR or interest rate,I_8059242
Other fee,I_4133928
Incorrect information on credit report,I_5224982
Deposits and withdrawals,I_7466241
Taking/threatening an illegal action,I_9496867
Other,I_3172280
Dealing with my lender or servicer,I_5843438
Charged fees or interest I didn't expect,I_6567876
Improper use of my credit report,I_7868056
Received a loan I didn't apply for,I_1405078
Disclosure verification of debt,I_1176767
"Loan servicing, payments, escrow account",I_3314584
Incorrect information on credit report,I_1895758
Cont'd attempts collect debt not owed,I_4345927
Incorrect information on credit report,I_5826284
"Loan servicing, payments, escrow account",I_5119537
"Loan servicing, payments, escrow account",I_2243999
Disclosure verification of debt,I_3732662
Cont'd attempts collect debt not owed,I_6521462
"Loan servicing, payments, escrow account",I_3242858
Using a debit or ATM card,I_1578486
Billing statement,I_3046749
Sale of account,I_1745589
"Loan servicing, payments, escrow account",I_3236999
Incorrect information on credit report,I_9658778
Cont'd attempts collect debt not owed,I_5277754
"Loan modification,collection,foreclosure",I_1924257
Rewards,I_8146222
"Account opening, closing, or management",I_7234523
"Loan servicing, payments, escrow account",I_4507773
Deposits and withdrawals,I_6273139
Unable to get credit report/credit score,I_3910488
Billing disputes,I_7746046
Closing/Cancelling account,I_4948050
Improper contact or sharing of info,I_8230984
"Making/receiving payments, sending money",I_8037434
Other transaction issues,I_3050766
Incorrect information on credit report,I_3599061
Deposits and withdrawals,I_3554955
Improper use of my credit report,I_8127453
Can't repay my loan,I_7362327
"Account opening, closing, or management",I_4473366
"Application, originator, mortgage broker",I_8267879
Credit monitoring or identity protection,I_2823869
"Loan servicing, payments, escrow account",I_3850766
"Loan servicing, payments, escrow account",I_3280583
Incorrect information on credit report,I_5477979
Charged fees or interest I didn't expect,I_6543939
"Loan servicing, payments, escrow account",I_3454085
"Account opening, closing, or management",I_4828893
"Loan modification,collection,foreclosure",I_1211726
"Account opening, closing, or management",I_1133160
Rewards,I_3634485
Incorrect information on credit report,I_7272456
"Loan modification,collection,foreclosure",I_1463887
Customer service / Customer relations,I_5968095
Credit decision / Underwriting,I_2394256
"Loan modification,collection,foreclosure",I_4945538
Problems caused by my funds being low,I_1737258
"Loan servicing, payments, escrow account",I_6123949
"Loan modification,collection,foreclosure",I_5142940
Incorrect information on credit report,I_3856446
Charged fees or interest I didn't expect,I_9397735
"Loan modification,collection,foreclosure",I_9399732
Taking/threatening an illegal action,I_9606758
Incorrect information on credit report,I_1823928
Cont'd attempts collect debt not owed,I_4056726
Dealing with my lender or servicer,I_2494924
"Loan modification,collection,foreclosure",I_2677730
"Account opening, closing, or management",I_3541158
"Loan modification,collection,foreclosure",I_7021072
Problems when you are unable to pay,I_9506060
Payoff process,I_8533049
Billing disputes,I_4291159
Cont'd attempts collect debt not owed,I_7712747
Cont'd attempts collect debt not owed,I_1210751
Credit decision / Underwriting,I_7975884
"Loan modification,collection,foreclosure",I_1147125
Cont'd attempts collect debt not owed,I_9965895
Forbearance / Workout plans,I_6790090
"Loan modification,collection,foreclosure",I_2789470
Incorrect information on credit report,I_4339723
"Loan modification,collection,foreclosure",I_7028842
Balance transfer fee,I_9131427
Cont'd attempts collect debt not owed,I_8090877
"Loan servicing, payments, escrow account",I_4506342
Incorrect information on credit report,I_5792369
"Loan servicing, payments, escrow account",I_9881970
Cont'd attempts collect debt not owed,I_2564793
Incorrect information on credit report,I_4876036
Cont'd attempts collect debt not owed,I_2504426
Disclosure verification of debt,I_9394386
Cont'd attempts collect debt not owed,I_5309778
"Loan modification,collection,foreclosure",I_1351442
"Loan servicing, payments, escrow account",I_1194866
Disclosure verification of debt,I_7545639
Billing disputes,I_8379546
Incorrect information on credit report,I_1348623
Cont'd attempts collect debt not owed,I_5553271
Incorrect information on credit report,I_5613233
Can't repay my loan,I_2699763
Disclosure verification of debt,I_6684540
Taking out the loan or lease,I_3243858
Using a debit or ATM card,I_5142356
"Loan modification,collection,foreclosure",I_1278178
Dealing with my lender or servicer,I_3307738
Improper contact or sharing of info,I_6308542
Other,I_9246322
Identity theft / Fraud / Embezzlement,I_9114030
"Loan servicing, payments, escrow account",I_6725493
Credit decision / Underwriting,I_1762194
Customer service / Customer relations,I_6382536
Other fee,I_6301688
Rewards,I_7131826
Cont'd attempts collect debt not owed,I_4493751
"Loan servicing, payments, escrow account",I_5186972
Incorrect information on credit report,I_9019024
APR or interest rate,I_6375354
"Application, originator, mortgage broker",I_4878383
Settlement process and costs,I_6827429
Can't repay my loan,I_3896843
"Loan modification,collection,foreclosure",I_5656288
Charged fees or interest I didn't expect,I_8896967
"Loan modification,collection,foreclosure",I_8097339
"Account opening, closing, or management",I_6132491
Incorrect information on credit report,I_5429254
Other,I_4862357
Billing disputes,I_4221491
Advertising and marketing,I_6704039
Cont'd attempts collect debt not owed,I_3854068
Dealing with my lender or servicer,I_3747485
"Loan servicing, payments, escrow account",I_1730334
Incorrect information on credit report,I_3192566
"Application, originator, mortgage broker",I_2792275
Shopping for a loan or lease,I_4271430
"Making/receiving payments, sending money",I_1652566
"Account opening, closing, or management",I_8814982
Settlement process and costs,I_3990373
Taking/threatening an illegal action,I_8652484
Unsolicited issuance of credit card,I_5545322
Cont'd attempts collect debt not owed,I_5906258
"Account opening, closing, or management",I_4552248
Credit reporting company's investigation,I_8563254
Using a debit or ATM card,I_3749276
"Making/receiving payments, sending money",I_8330685
Dealing with my lender or servicer,I_7622792
Incorrect information on credit report,I_9695143
Credit reporting company's investigation,I_7793522
Credit monitoring or identity protection,I_4588785
"Loan modification,collection,foreclosure",I_3304065
"Loan modification,collection,foreclosure",I_2822047
Incorrect information on credit report,I_4001358
Customer service / Customer relations,I_8425029
Taking out the loan or lease,I_1486370
Disclosure verification of debt,I_3406098
Incorrect information on credit report,I_7327577
Billing disputes,I_9957860
Incorrect information on credit report,I_1548547
Disclosure verification of debt,I_6337661
Improper contact or sharing of info,I_7392279
"Loan servicing, payments, escrow account",I_7105070
Incorrect information on credit report,I_5239683
Improper contact or sharing of info,I_2765286
Taking/threatening an illegal action,I_9240799
Taking/threatening an illegal action,I_1892238
Incorrect information on credit report,I_2793586
Incorrect information on credit report,I_2964782
Taking/threatening an illegal action,I_5617247
"Loan modification,collection,foreclosure",I_9382384
Credit decision / Underwriting,I_6171051
Billing disputes,I_4628087
Incorrect information on credit report,I_2679580
Cont'd attempts collect debt not owed,I_6001581
Rewards,I_3900483
Improper contact or sharing of info,I_4971632
Disclosure verification of debt,I_1651961
Deposits and withdrawals,I_1948560
"Account opening, closing, or management",I_8003565
Incorrect information on credit report,I_4193158
Incorrect information on credit report,I_3037431
Dealing with my lender or servicer,I_7655267
"Loan modification,collection,foreclosure",I_4790342
"Loan modification,collection,foreclosure",I_1669328
"Making/receiving payments, sending money",I_9067326
Can't contact lender,I_9950243
Cont'd attempts collect debt not owed,I_8239823
"Loan servicing, payments, escrow account",I_3607526
Problems when you are unable to pay,I_4463887
Incorrect information on credit report,I_9039774
Cont'd attempts collect debt not owed,I_8296270
Dealing with my lender or servicer,I_1905931
"Loan servicing, payments, escrow account",I_7337767
Disclosure verification of debt,I_1789290
Incorrect information on credit report,I_2042392
Can't repay my loan,I_6884368
Cont'd attempts collect debt not owed,I_1930537
Credit card protection / Debt protection,I_1320255
Can't repay my loan,I_5799495
Disclosure verification of debt,I_4806089
"Loan servicing, payments, escrow account",I_9620862
Using a debit or ATM card,I_8043525
Disclosure verification of debt,I_6477023
"Making/receiving payments, sending money",I_9289781
Disclosure verification of debt,I_7921985
Late fee,I_4083642
Identity theft / Fraud / Embezzlement,I_2256391
"Loan modification,collection,foreclosure",I_3226933
Late fee,I_1871533
Cont'd attempts collect debt not owed,I_5100730
Incorrect information on credit report,I_1996189
Disclosure verification of debt,I_5401887
Incorrect information on credit report,I_6773594
Credit decision / Underwriting,I_9042083
Cont'd attempts collect debt not owed,I_7368361
Charged fees or interest I didn't expect,I_4461730
Dealing with my lender or servicer,I_6255231
Cont'd attempts collect debt not owed,I_4308949
Transaction issue,I_1382931
Disclosure verification of debt,I_6985953
Charged fees or interest I didn't expect,I_1769970
Credit decision / Underwriting,I_8332227
Transaction issue,I_2084187
Identity theft / Fraud / Embezzlement,I_3459671
"Loan modification,collection,foreclosure",I_1148693
Incorrect information on credit report,I_6246698
Problems caused by my funds being low,I_9057533
Cont'd attempts collect debt not owed,I_5967659
Incorrect information on credit report,I_7001928
Incorrect information on credit report,I_6853574
"Account opening, closing, or management",I_7287383
Dealing with my lender or servicer,I_8896567
Customer service / Customer relations,I_4550522
Delinquent account,I_2681054
Charged fees or interest I didn't expect,I_9355862
Settlement process and costs,I_8385522
"Account opening, closing, or management",I_8662369
Cont'd attempts collect debt not owed,I_9202580
"Loan servicing, payments, escrow account",I_5143525
Incorrect information on credit report,I_4744290
Deposits and withdrawals,I_7304634
Dealing with my lender or servicer,I_4914053
Credit reporting company's investigation,I_2696957
Incorrect information on credit report,I_6203889
Improper contact or sharing of info,I_1310747
"Account opening, closing, or management",I_9188741
Delinquent account,I_3621640
Taking out the loan or lease,I_4548287
Cont'd attempts collect debt not owed,I_7316264
Unable to get credit report/credit score,I_4314442
Disclosure verification of debt,I_6526976
Cont'd attempts collect debt not owed,I_5968268
Incorrect information on credit report,I_8550073
Can't repay my loan,I_9618555
Incorrect information on credit report,I_2225468
Disclosure verification of debt,I_5915370
Credit reporting company's investigation,I_4380454
"Loan servicing, payments, escrow account",I_1148995
Other fee,I_5017035
Dealing with my lender or servicer,I_7306658
Incorrect information on credit report,I_5033990
Cont'd attempts collect debt not owed,I_2192452
Incorrect information on credit report,I_5948554
Balance transfer,I_7507037
Billing disputes,I_5475499
Taking/threatening an illegal action,I_5202123
Credit reporting company's investigation,I_3918696
Taking/threatening an illegal action,I_1450929
Billing disputes,I_1905845
Identity theft / Fraud / Embezzlement,I_8469139
Incorrect information on credit report,I_2866974
Customer service / Customer relations,I_2519922
Dealing with my lender or servicer,I_8597291
Incorrect information on credit report,I_2840876
Cont'd attempts collect debt not owed,I_8861582
Can't repay my loan,I_7615239
"Loan modification,collection,foreclosure",I_6274266
Improper contact or sharing of info,I_1643855
Incorrect information on credit report,I_4275879
"Loan modification,collection,foreclosure",I_6007783
Taking/threatening an illegal action,I_4114728
"Account opening, closing, or management",I_6863894
Disclosure verification of debt,I_3240832
"Loan servicing, payments, escrow account",I_7987256
Credit reporting company's investigation,I_6262646
Disclosure verification of debt,I_5223344
Other transaction issues,I_2751185
Can't repay my loan,I_7720168
Charged fees or interest I didn't expect,I_9773847
Settlement process and costs,I_9844199
"Loan servicing, payments, escrow account",I_6060061
"Making/receiving payments, sending money",I_2459991
"Loan servicing, payments, escrow account",I_4882422
Unauthorized transactions/trans. issues,I_5672044
Other,I_9919276
Cont'd attempts collect debt not owed,I_4170962
"Loan servicing, payments, escrow account",I_5237094
Incorrect information on credit report,I_7683686
Incorrect information on credit report,I_6931234
Taking/threatening an illegal action,I_6231131
Late fee,I_5039262
"Loan servicing, payments, escrow account",I_8093293
Cont'd attempts collect debt not owed,I_6109977
"Loan modification,collection,foreclosure",I_5915140
Cont'd attempts collect debt not owed,I_8809280
Cont'd attempts collect debt not owed,I_8742635
Identity theft / Fraud / Embezzlement,I_8920455
Using a debit or ATM card,I_1732047
Other fee,I_2073931
Disclosure verification of debt,I_8914063
Payoff process,I_6133249
"Account opening, closing, or management",I_2207082
Disclosure verification of debt,I_9032180
"Loan modification,collection,foreclosure",I_7404127
"Loan modification,collection,foreclosure",I_8475741
"Account opening, closing, or management",I_7641043
Credit card protection / Debt protection,I_7479053
Identity theft / Fraud / Embezzlement,I_8605642
"Loan servicing, payments, escrow account",I_6076559
"Loan modification,collection,foreclosure",I_3346238
"Loan servicing, payments, escrow account",I_1480359
Improper contact or sharing of info,I_7033859
Charged bank acct wrong day or amt,I_7667568
"Application, originator, mortgage broker",I_7791740
Dealing with my lender or servicer,I_8798783
Improper contact or sharing of info,I_1166066
Advertising and marketing,I_5585751
Billing disputes,I_3710838
Incorrect information on credit report,I_5663483
Credit card protection / Debt protection,I_8638842
Cont'd attempts collect debt not owed,I_3439145
Credit reporting company's investigation,I_4417850
Improper use of my credit report,I_6653056
Customer service / Customer relations,I_5973828
Incorrect information on credit report,I_3023891
"Loan servicing, payments, escrow account",I_2718435
"Account opening, closing, or management",I_9215194
"Account opening, closing, or management",I_1743828
Disclosure verification of debt,I_1779984
Incorrect information on credit report,I_8677572
"Loan servicing, payments, escrow account",I_8364270
Cont'd attempts collect debt not owed,I_1580363
Dealing with my lender or servicer,I_2543873
"Loan servicing, payments, escrow account",I_2903536
Cont'd attempts collect debt not owed,I_4628324
Settlement process and costs,I_9412842
Cont'd attempts collect debt not owed,I_7390922
Getting a loan,I_5113389
Unable to get credit report/credit score,I_2278690
Disclosure verification of debt,I_1198392
Dealing with my lender or servicer,I_8486139
Incorrect information on credit report,I_3799386
"Loan servicing, payments, escrow account",I_4095522
Credit card protection / Debt protection,I_1526733
Incorrect information on credit report,I_3826367
Incorrect information on credit report,I_2649138
Improper use of my credit report,I_2516451
Cont'd attempts collect debt not owed,I_4075184
"Loan servicing, payments, escrow account",I_6740073
Incorrect information on credit report,I_3998797
Billing disputes,I_1687798
"Loan modification,collection,foreclosure",I_8127438
Balance transfer,I_7398736
Dealing with my lender or servicer,I_9763379
Disclosure verification of debt,I_3921770
Billing disputes,I_2400681
"Loan modification,collection,foreclosure",I_5282326
Taking/threatening an illegal action,I_7006993
Credit monitoring or identity protection,I_1815772
Payoff process,I_5147688
Cont'd attempts collect debt not owed,I_5630724
Using a debit or ATM card,I_5643633
Credit reporting company's investigation,I_7055285
Incorrect information on credit report,I_6345637
"Loan servicing, payments, escrow account",I_6205474
"Loan servicing, payments, escrow account",I_9611137
"Loan servicing, payments, escrow account",I_2171465
"Application, originator, mortgage broker",I_7295424
Customer service / Customer relations,I_4373724
Charged bank acct wrong day or amt,I_7734424
Cont'd attempts collect debt not owed,I_2295295
Late fee,I_9026069
Cont'd attempts collect debt not owed,I_9233990
Dealing with my lender or servicer,I_1752282
Cont'd attempts collect debt not owed,I_6649557
Incorrect information on credit report,I_2783625
Credit reporting company's investigation,I_1436751
Dealing with my lender or servicer,I_4598388
Disclosure verification of debt,I_9946092
Incorrect information on credit report,I_5354884
"Application, originator, mortgage broker",I_8992840
Dealing with my lender or servicer,I_4451841
Billing disputes,I_7882054
Billing disputes,I_9584598
Credit reporting company's investigation,I_1498051
Problems when you are unable to pay,I_1423284
Transaction issue,I_4532235
Credit line increase/decrease,I_6724561
Credit reporting company's investigation,I_6231239
"Advertising, marketing or disclosures",I_1459656
Problems when you are unable to pay,I_7432023
Cont'd attempts collect debt not owed,I_1859954
"Account opening, closing, or management",I_2735443
Other,I_6492634
"Loan servicing, payments, escrow account",I_3670259
Cont'd attempts collect debt not owed,I_7211052
Disclosure verification of debt,I_3752886
Problems caused by my funds being low,I_5676897
APR or interest rate,I_1868951
Dealing with my lender or servicer,I_4923056
Can't repay my loan,I_4665775
Shopping for a loan or lease,I_4506844
"Loan modification,collection,foreclosure",I_3455526
Disclosure verification of debt,I_9577436
"Loan modification,collection,foreclosure",I_9590636
Can't repay my loan,I_7125974
Credit determination,I_6063267
Improper use of my credit report,I_2497282
"Loan servicing, payments, escrow account",I_2430791
Cont'd attempts collect debt not owed,I_3119934
Cont'd attempts collect debt not owed,I_5334983
Using a debit or ATM card,I_3939636
"Loan modification,collection,foreclosure",I_4522494
Incorrect information on credit report,I_5663298
Improper contact or sharing of info,I_6805882
Other fee,I_3820498
Dealing with my lender or servicer,I_1644674
Incorrect information on credit report,I_2307051
Taking/threatening an illegal action,I_2949048
"Making/receiving payments, sending money",I_8792040
"Loan modification,collection,foreclosure",I_4883923
"Loan modification,collection,foreclosure",I_8785942
Credit reporting company's investigation,I_1360548
"Loan modification,collection,foreclosure",I_7166765
Cont'd attempts collect debt not owed,I_9935798
"Loan servicing, payments, escrow account",I_6602545
Incorrect information on credit report,I_8258549
Deposits and withdrawals,I_1778173
Credit reporting company's investigation,I_2442781
Cont'd attempts collect debt not owed,I_7384082
Credit decision / Underwriting,I_3513225
Deposits and withdrawals,I_9286539
"Loan modification,collection,foreclosure",I_8141074
Cont'd attempts collect debt not owed,I_6889176
Incorrect information on credit report,I_6684493
Unable to get credit report/credit score,I_8026725
Cont'd attempts collect debt not owed,I_6140347
Other,I_5241152
Other fee,I_3438464
Taking/threatening an illegal action,I_9698075
Billing disputes,I_8773241
Deposits and withdrawals,I_2715441
"Loan servicing, payments, escrow account",I_7771338
Deposits and withdrawals,I_7306249
Payoff process,I_1584576
Incorrect information on credit report,I_1863462
Billing disputes,I_7516125
Cont'd attempts collect debt not owed,I_9389175
Dealing with my lender or servicer,I_5394357
"Loan modification,collection,foreclosure",I_4857643
Rewards,I_1311852
Improper contact or sharing of info,I_3270724
"Loan servicing, payments, escrow account",I_6091736
Advertising and marketing,I_3731192
Dealing with my lender or servicer,I_3736655
Dealing with my lender or servicer,I_7318493
Cont'd attempts collect debt not owed,I_7724280
Cont'd attempts collect debt not owed,I_9382337
Disclosure verification of debt,I_2401279
Incorrect information on credit report,I_8801850
Incorrect information on credit report,I_4344492
Cont'd attempts collect debt not owed,I_9735079
Incorrect information on credit report,I_4903922
Incorrect information on credit report,I_1579884
Incorrect information on credit report,I_3717531
Cont'd attempts collect debt not owed,I_4966131
Adding money,I_1245375
Incorrect information on credit report,I_3716374
Cont'd attempts collect debt not owed,I_8572643
Incorrect information on credit report,I_6133028
Disclosure verification of debt,I_4763728
Other,I_6604950
"Loan modification,collection,foreclosure",I_5561953
Improper contact or sharing of info,I_4318191
"Making/receiving payments, sending money",I_4192790
Cont'd attempts collect debt not owed,I_1672688
Improper contact or sharing of info,I_8814733
Credit determination,I_5157796
Transaction issue,I_5646227
"Loan modification,collection,foreclosure",I_8993192
Unable to get credit report/credit score,I_9261843
"Account opening, closing, or management",I_9721330
Other,I_2216565
Cont'd attempts collect debt not owed,I_5458726
Credit reporting company's investigation,I_5008537
Balance transfer,I_3661478
Problems when you are unable to pay,I_1817624
"Loan servicing, payments, escrow account",I_8295172
Deposits and withdrawals,I_8023773
"Loan servicing, payments, escrow account",I_1924591
"Loan modification,collection,foreclosure",I_2805329
Incorrect information on credit report,I_8552771
Cont'd attempts collect debt not owed,I_2694465
Credit card protection / Debt protection,I_4011339
"Loan servicing, payments, escrow account",I_8470966
Incorrect information on credit report,I_2938474
Disclosure verification of debt,I_1373534
Cont'd attempts collect debt not owed,I_9607659
"Loan modification,collection,foreclosure",I_9704794
Dealing with my lender or servicer,I_4499964
Customer service / Customer relations,I_4026971
Cont'd attempts collect debt not owed,I_9654679
Using a debit or ATM card,I_3067890
Incorrect information on credit report,I_5172972
Balance transfer,I_8583150
Billing disputes,I_9212426
Problems when you are unable to pay,I_4564529
"Loan modification,collection,foreclosure",I_2484874
Cont'd attempts collect debt not owed,I_1326351
Customer service / Customer relations,I_8347724
"Loan servicing, payments, escrow account",I_7518929
Deposits and withdrawals,I_1305532
Taking/threatening an illegal action,I_3611391
Deposits and withdrawals,I_4372461
Incorrect information on credit report,I_7295325
Transaction issue,I_4161863
Improper contact or sharing of info,I_3046055
"Loan servicing, payments, escrow account",I_9555676
Taking/threatening an illegal action,I_8321526
Problems when you are unable to pay,I_2666140
"Loan modification,collection,foreclosure",I_1410757
"Loan servicing, payments, escrow account",I_4483536
"Loan servicing, payments, escrow account",I_7506599
Cont'd attempts collect debt not owed,I_4735561
Dealing with my lender or servicer,I_9782889
Taking/threatening an illegal action,I_4991636
Dealing with my lender or servicer,I_3308851
Disclosure verification of debt,I_8809675
Incorrect information on credit report,I_8174861
Credit card protection / Debt protection,I_6114986
Cont'd attempts collect debt not owed,I_4906194
Cont'd attempts collect debt not owed,I_5402265
Incorrect information on credit report,I_6435563
Problems when you are unable to pay,I_9267067
"Account opening, closing, or management",I_5421097
Cont'd attempts collect debt not owed,I_5393540
Billing disputes,I_1304986
"Loan servicing, payments, escrow account",I_7031397
Credit reporting company's investigation,I_6424534
"Loan modification,collection,foreclosure",I_3145332
Incorrect information on credit report,I_4849579
"Loan modification,collection,foreclosure",I_5777081
Dealing with my lender or servicer,I_6277742
Taking/threatening an illegal action,I_7025561
Cont'd attempts collect debt not owed,I_2726530
Billing disputes,I_5085068
Improper use of my credit report,I_6778452
Cont'd attempts collect debt not owed,I_3149291
Cont'd attempts collect debt not owed,I_4480099
Advertising and marketing,I_2170759
Using a debit or ATM card,I_6436797
Credit decision / Underwriting,I_9759080
Settlement process and costs,I_6787197
Settlement process and costs,I_9759863
Incorrect information on credit report,I_3552893
Disclosure verification of debt,I_3828836
"Loan modification,collection,foreclosure",I_7675725
Dealing with my lender or servicer,I_7028684
Dealing with my lender or servicer,I_1416147
"Application, originator, mortgage broker",I_2837634
Incorrect information on credit report,I_7590075
Cont'd attempts collect debt not owed,I_7832129
"Loan servicing, payments, escrow account",I_8939840
Rewards,I_1657196
Disclosure verification of debt,I_9721799
Using a debit or ATM card,I_7591740
Cont'd attempts collect debt not owed,I_9913753
Dealing with my lender or servicer,I_1345790
Getting a loan,I_3075834
Problems when you are unable to pay,I_7948480
"Loan modification,collection,foreclosure",I_5928997
Incorrect information on credit report,I_8741928
Rewards,I_9267877
Incorrect information on credit report,I_5596327
Taking/threatening an illegal action,I_2890070
"Loan servicing, payments, escrow account",I_7531485
Improper contact or sharing of info,I_4255633
Can't repay my loan,I_6700230
"Loan servicing, payments, escrow account",I_9393923
"Loan servicing, payments, escrow account",I_6071490
"Application, originator, mortgage broker",I_7449730
Identity theft / Fraud / Embezzlement,I_7575983
Problems when you are unable to pay,I_8102364
Dealing with my lender or servicer,I_9572462
Cont'd attempts collect debt not owed,I_5125685
"Loan modification,collection,foreclosure",I_7623296
Settlement process and costs,I_7467171
Unauthorized transactions/trans. issues,I_3766878
"Loan servicing, payments, escrow account",I_4588851
Cont'd attempts collect debt not owed,I_7302074
Cont'd attempts collect debt not owed,I_8015643
Incorrect information on credit report,I_9398734
"Loan modification,collection,foreclosure",I_9822362
Late fee,I_7283129
Unable to get credit report/credit score,I_7276463
Problems when you are unable to pay,I_4283447
Credit line increase/decrease,I_7252548
Deposits and withdrawals,I_3865624
"Application, originator, mortgage broker",I_9864244
Identity theft / Fraud / Embezzlement,I_7173775
Incorrect information on credit report,I_9516854
"Loan modification,collection,foreclosure",I_9713175
Incorrect information on credit report,I_9252699
Cont'd attempts collect debt not owed,I_7513994
Problems when you are unable to pay,I_4845774
"Loan modification,collection,foreclosure",I_7905366
Billing disputes,I_7557991
Incorrect information on credit report,I_3193642
Incorrect information on credit report,I_5366143
"Loan servicing, payments, escrow account",I_1158925
Closing/Cancelling account,I_5350525
Dealing with my lender or servicer,I_2416747
Incorrect information on credit report,I_6221193
Dealing with my lender or servicer,I_1377646
Incorrect information on credit report,I_9828837
Cont'd attempts collect debt not owed,I_7852057
Dealing with my lender or servicer,I_3555254
Improper contact or sharing of info,I_1848077
Settlement process and costs,I_2376337
Delinquent account,I_7410141
Taking/threatening an illegal action,I_8516652
"Account opening, closing, or management",I_4731436
"Loan servicing, payments, escrow account",I_4896879
Dealing with my lender or servicer,I_6340760
"Loan servicing, payments, escrow account",I_8382828
"Account opening, closing, or management",I_5556556
Taking/threatening an illegal action,I_9276382
Credit reporting company's investigation,I_3143156
"Making/receiving payments, sending money",I_2460834
Advertising and marketing,I_4787090
"Loan servicing, payments, escrow account",I_3388294
"Application, originator, mortgage broker",I_8548728
Incorrect information on credit report,I_2819031
Deposits and withdrawals,I_1254974
Identity theft / Fraud / Embezzlement,I_2234465
Problems caused by my funds being low,I_4228894
"Loan modification,collection,foreclosure",I_7352166
Deposits and withdrawals,I_2742697
"Account opening, closing, or management",I_3296688
Disclosure verification of debt,I_1751658
Deposits and withdrawals,I_2582660
Late fee,I_8127852
Closing/Cancelling account,I_2759992
Incorrect information on credit report,I_9581980
Bankruptcy,I_4977779
"Loan modification,collection,foreclosure",I_1426892
Disclosure verification of debt,I_6278644
Advertising and marketing,I_6798179
Credit reporting company's investigation,I_1993727
Cont'd attempts collect debt not owed,I_5963539
"Account opening, closing, or management",I_4573185
Disclosure verification of debt,I_3045487
Incorrect information on credit report,I_9218086
Cont'd attempts collect debt not owed,I_1439840
"Account opening, closing, or management",I_4158929
Incorrect information on credit report,I_5644676
Transaction issue,I_8437522
"Loan servicing, payments, escrow account",I_6924091
Incorrect information on credit report,I_1736189
"Account opening, closing, or management",I_8759840
Credit reporting company's investigation,I_3104857
Identity theft / Fraud / Embezzlement,I_3248538
Billing disputes,I_8942061
Cont'd attempts collect debt not owed,I_4763944
Incorrect information on credit report,I_4014059
"Application, originator, mortgage broker",I_8813427
Cont'd attempts collect debt not owed,I_7716834
Dealing with my lender or servicer,I_1656824
Incorrect information on credit report,I_9258387
Other fee,I_1741473
"Account opening, closing, or management",I_1830343
Problems when you are unable to pay,I_2390684
Using a debit or ATM card,I_6181989
Credit determination,I_8172298
Cont'd attempts collect debt not owed,I_8205333
Incorrect information on credit report,I_3707648
Incorrect information on credit report,I_2836282
Can't repay my loan,I_7904927
Incorrect information on credit report,I_8821755
"Loan modification,collection,foreclosure",I_9640374
Disclosure verification of debt,I_7227273
Credit reporting company's investigation,I_9382663
Advertising and marketing,I_3730365
Can't repay my loan,I_4192082
Identity theft / Fraud / Embezzlement,I_6014246
Problems when you are unable to pay,I_5334888
Taking/threatening an illegal action,I_1267199
Deposits and withdrawals,I_8872831
Improper use of my credit report,I_4815394
Application processing delay,I_7994944
Credit decision / Underwriting,I_4320085
Unauthorized transactions/trans. issues,I_2195886
"Loan servicing, payments, escrow account",I_5280943
Can't repay my loan,I_3149495
Incorrect information on credit report,I_3629522
"Loan modification,collection,foreclosure",I_1362624
Deposits and withdrawals,I_5601953
Incorrect information on credit report,I_8015156
Problems caused by my funds being low,I_3656542
Incorrect information on credit report,I_7645865
Unauthorized transactions/trans. issues,I_2117739
Disclosure verification of debt,I_2709854
Credit line increase/decrease,I_1394646
Other,I_2289680
Improper contact or sharing of info,I_2451392
Incorrect information on credit report,I_9221046
Dealing with my lender or servicer,I_7137190
Incorrect information on credit report,I_9114976
Unable to get credit report/credit score,I_7246522
"Account opening, closing, or management",I_9741026
Customer service/Customer relations,I_5310367
Disclosure verification of debt,I_8380560
Improper contact or sharing of info,I_9072037
Incorrect information on credit report,I_2155173
Other fee,I_3445291
Dealing with my lender or servicer,I_2530871
Dealing with my lender or servicer,I_4921430
Credit reporting company's investigation,I_3410790
"Account opening, closing, or management",I_3449531
Credit card protection / Debt protection,I_5704147
Incorrect information on credit report,I_4664826
"Loan servicing, payments, escrow account",I_1779938
Dealing with my lender or servicer,I_2740240
Incorrect information on credit report,I_7629787
Dealing with my lender or servicer,I_2340642
Incorrect information on credit report,I_4032631
Can't repay my loan,I_7258932
Other,I_6811988
Taking out the loan or lease,I_4017593
Disclosure verification of debt,I_3898135
Cont'd attempts collect debt not owed,I_8751078
Customer service / Customer relations,I_4495056
"Loan servicing, payments, escrow account",I_7985886
"Making/receiving payments, sending money",I_2394881
Incorrect information on credit report,I_7830545
Cont'd attempts collect debt not owed,I_7106533
APR or interest rate,I_5479960
Charged fees or interest I didn't expect,I_8021139
Unauthorized transactions/trans. issues,I_1281195
"Loan servicing, payments, escrow account",I_3893675
Incorrect information on credit report,I_2986140
Incorrect information on credit report,I_3318458
Disclosure verification of debt,I_1164927
Incorrect information on credit report,I_4574475
Cont'd attempts collect debt not owed,I_7509540
Improper contact or sharing of info,I_6327389
Disclosure verification of debt,I_6961643
"Loan modification,collection,foreclosure",I_1794295
Credit reporting company's investigation,I_8717596
"Loan servicing, payments, escrow account",I_6147664
Credit decision / Underwriting,I_8272073
Rewards,I_9195057
Getting a loan,I_9026446
"Loan modification,collection,foreclosure",I_2526974
Credit card protection / Debt protection,I_1673130
Credit reporting company's investigation,I_5644659
Incorrect information on credit report,I_4998555
Identity theft / Fraud / Embezzlement,I_8638974
Incorrect information on credit report,I_4593653
Cont'd attempts collect debt not owed,I_2966230
Disclosure verification of debt,I_4113336
Shopping for a loan or lease,I_8415631
Incorrect information on credit report,I_7544084
Problems when you are unable to pay,I_2596858
"Loan servicing, payments, escrow account",I_4515423
Cont'd attempts collect debt not owed,I_9997941
Closing/Cancelling account,I_3399647
Delinquent account,I_6446393
Received a loan I didn't apply for,I_6703492
"Account opening, closing, or management",I_2278793
Incorrect information on credit report,I_9379637
"Loan modification,collection,foreclosure",I_5505497
Taking/threatening an illegal action,I_3310834
"Loan servicing, payments, escrow account",I_7396329
Payoff process,I_6463754
Deposits and withdrawals,I_4338392
Dealing with my lender or servicer,I_7620343
Credit reporting company's investigation,I_1205373
Problems when you are unable to pay,I_8823391
Improper contact or sharing of info,I_1568828
Can't repay my loan,I_7391686
"Loan modification,collection,foreclosure",I_6053883
"Loan servicing, payments, escrow account",I_8223254
"Loan servicing, payments, escrow account",I_6680247
Dealing with my lender or servicer,I_2890698
Incorrect information on credit report,I_9730881
Other,I_9067767
Credit reporting company's investigation,I_4386924
Charged fees or interest I didn't expect,I_5854665
Incorrect information on credit report,I_1139951
"Loan modification,collection,foreclosure",I_8504936
"Loan servicing, payments, escrow account",I_6680638
Problems caused by my funds being low,I_2636127
Credit card protection / Debt protection,I_5033069
"Loan servicing, payments, escrow account",I_4962762
Dealing with my lender or servicer,I_1717856
"Loan modification,collection,foreclosure",I_1672387
Improper use of my credit report,I_2124282
Credit reporting company's investigation,I_5478376
Cont'd attempts collect debt not owed,I_2828888
Settlement process and costs,I_5493324
"Account opening, closing, or management",I_9030473
Disclosure verification of debt,I_5910183
Using a debit or ATM card,I_4953745
"Application, originator, mortgage broker",I_9930369
"Loan modification,collection,foreclosure",I_9612274
Rewards,I_4375456
"Loan servicing, payments, escrow account",I_6586183
"Loan servicing, payments, escrow account",I_1490330
Incorrect information on credit report,I_3481538
Unable to get credit report/credit score,I_1241884
Credit reporting company's investigation,I_7408142
Dealing with my lender or servicer,I_6789424
"Loan modification,collection,foreclosure",I_3684578
"Application, originator, mortgage broker",I_4886880
Incorrect information on credit report,I_9184541
Balance transfer,I_4296173
Payoff process,I_7015027
Disclosure verification of debt,I_2415294
Can't repay my loan,I_7377958
Incorrect information on credit report,I_5330883
"Loan modification,collection,foreclosure",I_4384480
Incorrect information on credit report,I_4332151
Arbitration,I_3005226
"Loan modification,collection,foreclosure",I_8658794
"Loan servicing, payments, escrow account",I_9210952
Identity theft / Fraud / Embezzlement,I_7579686
Incorrect information on credit report,I_3852939
Cont'd attempts collect debt not owed,I_6362974
"Loan servicing, payments, escrow account",I_9361494
Billing statement,I_1569042
Unable to get credit report/credit score,I_9886630
Dealing with my lender or servicer,I_2429535
Closing/Cancelling account,I_2958750
Taking/threatening an illegal action,I_9709368
Taking out the loan or lease,I_2781440
"Loan servicing, payments, escrow account",I_5500034
Incorrect information on credit report,I_5392827
"Loan servicing, payments, escrow account",I_8066953
Incorrect information on credit report,I_2323651
"Application, originator, mortgage broker",I_2411983
"Application, originator, mortgage broker",I_6962759
"Managing, opening, or closing account",I_9152938
"Loan servicing, payments, escrow account",I_7145084
"Application, originator, mortgage broker",I_3668699
"Loan modification,collection,foreclosure",I_5939546
Deposits and withdrawals,I_6734548
Unable to get credit report/credit score,I_5733172
Incorrect information on credit report,I_3568086
Cont'd attempts collect debt not owed,I_1355288
Credit reporting company's investigation,I_1123883
Settlement process and costs,I_1507858
Customer service / Customer relations,I_8971738
"Loan servicing, payments, escrow account",I_7076841
Late fee,I_1911336
Unable to get credit report/credit score,I_6518342
Closing/Cancelling account,I_4304197
Taking/threatening an illegal action,I_4510380
"Loan servicing, payments, escrow account",I_8443657
Forbearance / Workout plans,I_6483448
Settlement process and costs,I_1753989
"Loan modification,collection,foreclosure",I_5244874
Cont'd attempts collect debt not owed,I_2743886
Unable to get credit report/credit score,I_3406824
Taking/threatening an illegal action,I_3299722
Disclosure verification of debt,I_9929363
Dealing with my lender or servicer,I_2794331
Cont'd attempts collect debt not owed,I_5335339
Can't repay my loan,I_3589393
Credit reporting company's investigation,I_1536250
Charged fees or interest I didn't expect,I_4836541
Dealing with my lender or servicer,I_8237831
Incorrect information on credit report,I_3375649
Deposits and withdrawals,I_7301793
Disclosure verification of debt,I_2322428
Dealing with my lender or servicer,I_9701286
"Loan modification,collection,foreclosure",I_9837438
Unsolicited issuance of credit card,I_8765775
"Application, originator, mortgage broker",I_7462288
Bankruptcy,I_8433388
Cont'd attempts collect debt not owed,I_2201950
Disclosure verification of debt,I_4210753
Dealing with my lender or servicer,I_4189077
Credit decision / Underwriting,I_2052787
Privacy,I_2740663
Disclosure verification of debt,I_9407440
Improper use of my credit report,I_2478225
Disclosure verification of debt,I_2813940
"Loan modification,collection,foreclosure",I_7558895
Incorrect information on credit report,I_4395998
Credit reporting company's investigation,I_9207222
"Loan servicing, payments, escrow account",I_2184987
"Loan modification,collection,foreclosure",I_9912080
"Account opening, closing, or management",I_9971392
Unsolicited issuance of credit card,I_6172484
"Application, originator, mortgage broker",I_5663841
Dealing with my lender or servicer,I_3961048
"Account opening, closing, or management",I_5993565
Incorrect information on credit report,I_5453387
Taking/threatening an illegal action,I_3853124
Unable to get credit report/credit score,I_7640791
"Loan servicing, payments, escrow account",I_4000855
Improper contact or sharing of info,I_1923393
Cont'd attempts collect debt not owed,I_5409793
Cont'd attempts collect debt not owed,I_1216831
Settlement process and costs,I_5813243
"Loan modification,collection,foreclosure",I_7594650
Credit reporting company's investigation,I_7803430
Payoff process,I_8873749
"Loan modification,collection,foreclosure",I_3259478
"Account opening, closing, or management",I_6705755
"Loan servicing, payments, escrow account",I_9442084
Incorrect information on credit report,I_9046169
Customer service / Customer relations,I_6686050
"Application, originator, mortgage broker",I_1733527
Cont'd attempts collect debt not owed,I_8993356
"Account opening, closing, or management",I_3548766
Disclosure verification of debt,I_1301278
Incorrect information on credit report,I_9957580
Cont'd attempts collect debt not owed,I_5330445
Credit monitoring or identity protection,I_8784951
"Loan modification,collection,foreclosure",I_7619456
Unauthorized transactions/trans. issues,I_1325745
Other,I_2154433
Incorrect information on credit report,I_9452677
Unable to get credit report/credit score,I_2718477
"Account opening, closing, or management",I_5079281
Incorrect information on credit report,I_9122387
Credit card protection / Debt protection,I_9244629
"Loan servicing, payments, escrow account",I_7654949
Disclosure verification of debt,I_4565641
Cont'd attempts collect debt not owed,I_7325864
"Loan modification,collection,foreclosure",I_9104331
"Loan servicing, payments, escrow account",I_8244977
Rewards,I_5329944
Deposits and withdrawals,I_4225298
"Loan servicing, payments, escrow account",I_5126028
Other transaction issues,I_1297183
Credit reporting company's investigation,I_6258487
Billing disputes,I_7976228
Privacy,I_9480556
Incorrect information on credit report,I_5975462
Problems when you are unable to pay,I_2180198
Dealing with my lender or servicer,I_1250499
"Loan servicing, payments, escrow account",I_4658475
Cont'd attempts collect debt not owed,I_5636142
Dealing with my lender or servicer,I_7487728
Credit card protection / Debt protection,I_1669495
Billing statement,I_9128944
Cont'd attempts collect debt not owed,I_1435770
Cont'd attempts collect debt not owed,I_6214996
Disclosure verification of debt,I_6673584
Incorrect information on credit report,I_9451185
"Application, originator, mortgage broker",I_9618469
"Application, originator, mortgage broker",I_7777826
"Account opening, closing, or management",I_7715184
Cont'd attempts collect debt not owed,I_6418158
"Loan servicing, payments, escrow account",I_1598338
Incorrect information on credit report,I_4149826
Dealing with my lender or servicer,I_5981786
"Loan servicing, payments, escrow account",I_7550540
Cont'd attempts collect debt not owed,I_9033386
"Loan modification,collection,foreclosure",I_8161370
Dealing with my lender or servicer,I_7854741
Incorrect information on credit report,I_6880927
Credit reporting company's investigation,I_3361450
"Loan modification,collection,foreclosure",I_2589562
Settlement process and costs,I_8692358
Credit reporting company's investigation,I_5556340
"Loan servicing, payments, escrow account",I_4883025
Incorrect information on credit report,I_3239293
Problems when you are unable to pay,I_3793599
Settlement process and costs,I_7194049
Dealing with my lender or servicer,I_7736159
Cont'd attempts collect debt not owed,I_8363878
Charged fees or interest I didn't expect,I_7337072
Incorrect information on credit report,I_3142097
"Loan modification,collection,foreclosure",I_5659424
Cont'd attempts collect debt not owed,I_1897176
Disclosure verification of debt,I_3751095
"Loan modification,collection,foreclosure",I_4135088
Incorrect information on credit report,I_8721371
Improper contact or sharing of info,I_2008323
Problems caused by my funds being low,I_5042465
"Loan servicing, payments, escrow account",I_1636374
"Account opening, closing, or management",I_9295623
Incorrect information on credit report,I_4300769
Unable to get credit report/credit score,I_1362268
Using a debit or ATM card,I_8960848
"Application, originator, mortgage broker",I_1758933
Taking/threatening an illegal action,I_9460536
Cont'd attempts collect debt not owed,I_9380158
Credit reporting company's investigation,I_5496439
Problems caused by my funds being low,I_5148685
"Loan servicing, payments, escrow account",I_8077327
"Loan servicing, payments, escrow account",I_9853247
"Loan servicing, payments, escrow account",I_7653259
Improper contact or sharing of info,I_5725752
Problems when you are unable to pay,I_2949528
Closing/Cancelling account,I_3259929
Incorrect information on credit report,I_4682390
"Loan modification,collection,foreclosure",I_8647896
Other fee,I_7562869
"Account opening, closing, or management",I_3476892
"Application, originator, mortgage broker",I_2759085
"Loan servicing, payments, escrow account",I_7043790
Incorrect information on credit report,I_8598154
"Loan modification,collection,foreclosure",I_7097184
Other transaction issues,I_1145826
Dealing with my lender or servicer,I_9140733
Dealing with my lender or servicer,I_7395298
Dealing with my lender or servicer,I_4626944
Problems when you are unable to pay,I_4523063
"Loan modification,collection,foreclosure",I_4221192
Incorrect information on credit report,I_7763487
Dealing with my lender or servicer,I_3014057
Disclosure verification of debt,I_9697664
Disclosure verification of debt,I_6006597
Disclosure verification of debt,I_5498553
Incorrect information on credit report,I_1890642
Incorrect information on credit report,I_7585242
"Loan modification,collection,foreclosure",I_8579663
Incorrect information on credit report,I_4396335
"Loan servicing, payments, escrow account",I_2937632
Can't repay my loan,I_3976888
"Loan servicing, payments, escrow account",I_9612150
"Loan modification,collection,foreclosure",I_3027149
"Loan modification,collection,foreclosure",I_8616989
Delinquent account,I_1635823
Other,I_8283747
"Loan modification,collection,foreclosure",I_2136597
Cont'd attempts collect debt not owed,I_5472122
Incorrect information on credit report,I_7350880
"Making/receiving payments, sending money",I_6794282
"Loan modification,collection,foreclosure",I_6745837
Other,I_5258066
"Loan modification,collection,foreclosure",I_1825560
Dealing with my lender or servicer,I_7958379
Deposits and withdrawals,I_8315337
Taking/threatening an illegal action,I_8119295
Problems caused by my funds being low,I_3422749
Disclosure verification of debt,I_3072372
Taking/threatening an illegal action,I_5146241
Dealing with my lender or servicer,I_4133780
"Loan servicing, payments, escrow account",I_6593230
Deposits and withdrawals,I_9211091
"Application, originator, mortgage broker",I_7818277
Incorrect information on credit report,I_7750843
Charged fees or interest I didn't expect,I_4786441
Dealing with my lender or servicer,I_3513243
"Account opening, closing, or management",I_6153754
Other,I_9016769
"Loan servicing, payments, escrow account",I_9299671
Deposits and withdrawals,I_7210283
Incorrect information on credit report,I_2834793
"Loan modification,collection,foreclosure",I_6648131
Incorrect information on credit report,I_2579323
Credit decision / Underwriting,I_1646057
Credit reporting company's investigation,I_9854747
Deposits and withdrawals,I_6250265
Disclosure verification of debt,I_4327161
"Loan servicing, payments, escrow account",I_2996067
Can't repay my loan,I_6056741
Dealing with my lender or servicer,I_7465922
Incorrect information on credit report,I_8254064
Billing disputes,I_2060833
"Making/receiving payments, sending money",I_5944628
Credit reporting company's investigation,I_6236092
Improper contact or sharing of info,I_7739046
Credit reporting company's investigation,I_6150842
"Loan servicing, payments, escrow account",I_6271859
Disclosure verification of debt,I_8746761
Cont'd attempts collect debt not owed,I_8515988
Other,I_7675042
Incorrect information on credit report,I_7286364
"Account opening, closing, or management",I_9152258
Can't repay my loan,I_1142561
Incorrect information on credit report,I_5505841
"Loan servicing, payments, escrow account",I_2754437
Disclosure verification of debt,I_8891135
Incorrect information on credit report,I_1700147
"Application, originator, mortgage broker",I_4757746
"Loan servicing, payments, escrow account",I_2127667
"Loan modification,collection,foreclosure",I_4834055
"Loan servicing, payments, escrow account",I_9746497
Cont'd attempts collect debt not owed,I_7941143
Disclosure verification of debt,I_8417575
Credit reporting company's investigation,I_4939981
Credit reporting company's investigation,I_4474323
Settlement process and costs,I_3183374
Incorrect information on credit report,I_6672471
Credit line increase/decrease,I_7983662
"Loan modification,collection,foreclosure",I_4270636
Cont'd attempts collect debt not owed,I_3873453
Incorrect information on credit report,I_8509447
"Loan servicing, payments, escrow account",I_8791692
Incorrect information on credit report,I_6284158
"Loan servicing, payments, escrow account",I_6740740
"Account opening, closing, or management",I_8876343
Cont'd attempts collect debt not owed,I_8008946
"Loan servicing, payments, escrow account",I_9122372
Rewards,I_8650482
Billing disputes,I_3447234
"Account opening, closing, or management",I_6197192
Incorrect information on credit report,I_1618652
Incorrect information on credit report,I_5219450
"Application, originator, mortgage broker",I_9620494
Incorrect information on credit report,I_9998356
Problems caused by my funds being low,I_9771664
Disclosure verification of debt,I_4501130
Disclosure verification of debt,I_6460694
Disclosure verification of debt,I_9350542
Cont'd attempts collect debt not owed,I_7462755
Incorrect information on credit report,I_9016727
"Application, originator, mortgage broker",I_3671891
Improper contact or sharing of info,I_5822853
Incorrect information on credit report,I_3711253
Cont'd attempts collect debt not owed,I_6311986
Dealing with my lender or servicer,I_4058387
"Loan servicing, payments, escrow account",I_7957644
Cont'd attempts collect debt not owed,I_2063531
Dealing with my lender or servicer,I_4120392
Can't repay my loan,I_8829750
Cont'd attempts collect debt not owed,I_7188344
Cont'd attempts collect debt not owed,I_2690060
Credit card protection / Debt protection,I_1736324
Sale of account,I_1732199
Dealing with my lender or servicer,I_8982623
Transaction issue,I_9026353
"Making/receiving payments, sending money",I_3063757
Shopping for a loan or lease,I_4938585
Incorrect information on credit report,I_5015029
Rewards,I_3136388
"Loan servicing, payments, escrow account",I_9209192
Taking/threatening an illegal action,I_5877980
Improper contact or sharing of info,I_1163861
Incorrect information on credit report,I_1244586
Settlement process and costs,I_6101673
Dealing with my lender or servicer,I_7470151
Improper contact or sharing of info,I_1699350
"Loan modification,collection,foreclosure",I_1496096
"Loan servicing, payments, escrow account",I_8039962
Problems when you are unable to pay,I_9211589
Credit reporting company's investigation,I_5305493
Incorrect information on credit report,I_6492977
Cont'd attempts collect debt not owed,I_5869734
Cont'd attempts collect debt not owed,I_8682824
Closing/Cancelling account,I_4654735
"Loan servicing, payments, escrow account",I_4057697
"Loan servicing, payments, escrow account",I_9416222
"Loan servicing, payments, escrow account",I_3896929
Dealing with my lender or servicer,I_8478286
Incorrect information on credit report,I_6177070
Can't repay my loan,I_5625652
Incorrect information on credit report,I_1989280
Incorrect information on credit report,I_5257947
Improper contact or sharing of info,I_8702165
"Account opening, closing, or management",I_9282175
Credit reporting company's investigation,I_3728268
Disclosure verification of debt,I_5096658
APR or interest rate,I_6586164
"Loan servicing, payments, escrow account",I_6414964
Deposits and withdrawals,I_7151459
"Application, originator, mortgage broker",I_7012489
"Loan modification,collection,foreclosure",I_7373627
Deposits and withdrawals,I_8988149
Customer service / Customer relations,I_8091433
Problems when you are unable to pay,I_2196238
Incorrect information on credit report,I_9369071
Problems when you are unable to pay,I_2468431
Incorrect information on credit report,I_8119144
Cont'd attempts collect debt not owed,I_8349174
"Account opening, closing, or management",I_5160961
"Loan servicing, payments, escrow account",I_3910443
Problems when you are unable to pay,I_6703325
"Account opening, closing, or management",I_8162775
Problems caused by my funds being low,I_1936934
Disclosure verification of debt,I_1921644
Credit reporting company's investigation,I_1494036
Payoff process,I_8780894
Problems caused by my funds being low,I_5606067
"Loan servicing, payments, escrow account",I_3382468
Cont'd attempts collect debt not owed,I_8594688
Cont'd attempts collect debt not owed,I_9590865
Incorrect information on credit report,I_2756681
Cont'd attempts collect debt not owed,I_3280334
Incorrect information on credit report,I_9900925
Taking/threatening an illegal action,I_2473137
Unable to get credit report/credit score,I_7914231
Incorrect information on credit report,I_9955071
Dealing with my lender or servicer,I_2713045
Credit reporting company's investigation,I_3195763
Incorrect information on credit report,I_3222024
Incorrect information on credit report,I_9227356
Deposits and withdrawals,I_9176533
Disclosure verification of debt,I_4861047
Incorrect information on credit report,I_5771266
"Making/receiving payments, sending money",I_7117928
Cont'd attempts collect debt not owed,I_6616053
Using a debit or ATM card,I_4687199
Disclosure verification of debt,I_6417363
"Loan modification,collection,foreclosure",I_9027458
"Account opening, closing, or management",I_8224886
Incorrect information on credit report,I_4679793
Cont'd attempts collect debt not owed,I_7406150
Other,I_2838474
Incorrect information on credit report,I_1183137
Billing disputes,I_1373046
Disclosure verification of debt,I_1401727
Billing disputes,I_1391352
Dealing with my lender or servicer,I_9664399
Taking/threatening an illegal action,I_2256238
Identity theft / Fraud / Embezzlement,I_1852272
Dealing with my lender or servicer,I_4893049
Incorrect information on credit report,I_4649091
Cont'd attempts collect debt not owed,I_8417827
"Loan modification,collection,foreclosure",I_4360971
Credit monitoring or identity protection,I_8897460
Credit reporting company's investigation,I_7137943
"Account opening, closing, or management",I_4564332
Can't repay my loan,I_3343797
Incorrect information on credit report,I_1469923
Disclosure verification of debt,I_8514883
Transaction issue,I_3212953
"Application, originator, mortgage broker",I_6922182
Cont'd attempts collect debt not owed,I_7285489
Improper contact or sharing of info,I_5699682
Can't repay my loan,I_3788356
Incorrect information on credit report,I_6782266
Can't repay my loan,I_3339485
Forbearance / Workout plans,I_9470133
Billing disputes,I_8066829
Cont'd attempts collect debt not owed,I_3881263
"Loan servicing, payments, escrow account",I_8354892
Cont'd attempts collect debt not owed,I_7939626
Cont'd attempts collect debt not owed,I_1556139
"Loan modification,collection,foreclosure",I_1151857
"Loan servicing, payments, escrow account",I_9262345
"Loan modification,collection,foreclosure",I_7661265
"Loan servicing, payments, escrow account",I_5768955
"Making/receiving payments, sending money",I_7670829
"Loan servicing, payments, escrow account",I_5878245
Incorrect information on credit report,I_8391737
"Loan servicing, payments, escrow account",I_6457257
Unable to get credit report/credit score,I_8599783
Cont'd attempts collect debt not owed,I_4156525
Disclosure verification of debt,I_7848330
Dealing with my lender or servicer,I_3287973
Cont'd attempts collect debt not owed,I_8874833
Problems caused by my funds being low,I_3284224
Identity theft / Fraud / Embezzlement,I_8327584
Cont'd attempts collect debt not owed,I_3898246
Deposits and withdrawals,I_8251186
Disclosure verification of debt,I_6565638
"Account opening, closing, or management",I_5080033
Incorrect information on credit report,I_2391425
"Making/receiving payments, sending money",I_9339165
Unsolicited issuance of credit card,I_9357874
"Loan servicing, payments, escrow account",I_8738279
Disclosure verification of debt,I_5349373
Taking/threatening an illegal action,I_4645772
Dealing with my lender or servicer,I_1658143
"Loan servicing, payments, escrow account",I_6026441
"Loan servicing, payments, escrow account",I_8564563
Settlement process and costs,I_4140443
Closing/Cancelling account,I_1346488
Billing statement,I_5032526
Incorrect information on credit report,I_7412664
Incorrect information on credit report,I_3780987
Dealing with my lender or servicer,I_8286985
Cont'd attempts collect debt not owed,I_5633632
Can't repay my loan,I_9721140
Can't repay my loan,I_8537643
Dealing with my lender or servicer,I_5039067
Dealing with my lender or servicer,I_3916863
Incorrect information on credit report,I_8845478
Cont'd attempts collect debt not owed,I_7028778
Cont'd attempts collect debt not owed,I_7316879
"Loan servicing, payments, escrow account",I_7096926
Unsolicited issuance of credit card,I_2458661
Taking/threatening an illegal action,I_6016949
Disclosure verification of debt,I_1703534
Taking out the loan or lease,I_5867697
"Loan modification,collection,foreclosure",I_8973028
Advertising and marketing,I_1259245
Incorrect information on credit report,I_4584575
Dealing with my lender or servicer,I_5223461
"Loan servicing, payments, escrow account",I_1692083
Incorrect information on credit report,I_9249583
Settlement process and costs,I_4320869
Incorrect information on credit report,I_9897679
"Loan modification,collection,foreclosure",I_7817361
Incorrect information on credit report,I_2287064
Settlement process and costs,I_8241350
"Loan servicing, payments, escrow account",I_4010176
Credit reporting company's investigation,I_8448090
Incorrect information on credit report,I_6687849
"Managing, opening, or closing account",I_7166878
"Loan servicing, payments, escrow account",I_8210369
Billing disputes,I_7858191
"Loan servicing, payments, escrow account",I_3374676
Deposits and withdrawals,I_9043074
Improper contact or sharing of info,I_9149395
Delinquent account,I_4793372
Dealing with my lender or servicer,I_3697170
"Application, originator, mortgage broker",I_9478528
"Application, originator, mortgage broker",I_6132160
"Account opening, closing, or management",I_7912983
"Loan modification,collection,foreclosure",I_4076095
Unsolicited issuance of credit card,I_9575477
Incorrect information on credit report,I_4936798
Cont'd attempts collect debt not owed,I_2220889
Customer service / Customer relations,I_8098097
"Loan servicing, payments, escrow account",I_7939029
Incorrect information on credit report,I_8550453
Cont'd attempts collect debt not owed,I_6975438
Cont'd attempts collect debt not owed,I_8312674
Dealing with my lender or servicer,I_7763965
Billing disputes,I_6149465
"Loan servicing, payments, escrow account",I_7930183
Deposits and withdrawals,I_2106853
Other,I_2753139
Cont'd attempts collect debt not owed,I_1112472
Closing/Cancelling account,I_2419125
Billing disputes,I_6342060
"Loan modification,collection,foreclosure",I_6315749
"Loan modification,collection,foreclosure",I_4958069
"Loan modification,collection,foreclosure",I_2937030
Disclosure verification of debt,I_5498770
"Loan modification,collection,foreclosure",I_5397142
Cont'd attempts collect debt not owed,I_9470492
Cont'd attempts collect debt not owed,I_2536124
"Loan servicing, payments, escrow account",I_9752025
Incorrect information on credit report,I_6343948
Incorrect information on credit report,I_7427458
"Loan servicing, payments, escrow account",I_8548495
Cont'd attempts collect debt not owed,I_3994596
Cont'd attempts collect debt not owed,I_2869690
"Making/receiving payments, sending money",I_5499057
Cont'd attempts collect debt not owed,I_3488928
Incorrect information on credit report,I_1232589
Can't repay my loan,I_2317283
Customer service / Customer relations,I_7718171
Dealing with my lender or servicer,I_2508143
Cont'd attempts collect debt not owed,I_5680192
Rewards,I_9463476
Other,I_4753890
Problems when you are unable to pay,I_5348978
Credit decision / Underwriting,I_4911387
Cont'd attempts collect debt not owed,I_5665426
Incorrect information on credit report,I_1657449
Incorrect information on credit report,I_9279591
"Loan servicing, payments, escrow account",I_7403843
Incorrect information on credit report,I_8159295
Cont'd attempts collect debt not owed,I_8364963
Rewards,I_6762594
"Account opening, closing, or management",I_9868333
Incorrect information on credit report,I_3294874
"Loan servicing, payments, escrow account",I_7647880
Other,I_5121258
Incorrect information on credit report,I_1496999
Cont'd attempts collect debt not owed,I_1196839
Late fee,I_8714724
Charged fees or interest I didn't expect,I_9996622
"Account opening, closing, or management",I_8787774
Incorrect information on credit report,I_6567289
Billing disputes,I_2448693
Disclosure verification of debt,I_1754088
Cont'd attempts collect debt not owed,I_2149465
Cont'd attempts collect debt not owed,I_3535973
Can't repay my loan,I_5031945
Improper use of my credit report,I_6450297
"Loan servicing, payments, escrow account",I_7474968
Incorrect information on credit report,I_3347624
Getting a loan,I_9843695
Cont'd attempts collect debt not owed,I_8301674
Dealing with my lender or servicer,I_4892552
Cont'd attempts collect debt not owed,I_8708143
Cont'd attempts collect debt not owed,I_9610863
Credit reporting company's investigation,I_7180130
Can't repay my loan,I_2969676
Incorrect information on credit report,I_8741188
Getting a loan,I_9574759
Dealing with my lender or servicer,I_8255527
Incorrect information on credit report,I_3550674
"Account opening, closing, or management",I_7752028
Incorrect information on credit report,I_8374849
Incorrect information on credit report,I_7420467
Getting a loan,I_3746630
Settlement process and costs,I_9560574
Incorrect information on credit report,I_6443378
"Loan modification,collection,foreclosure",I_3196259
"Loan modification,collection,foreclosure",I_4469025
Disclosure verification of debt,I_3511145
"Account opening, closing, or management",I_5119187
Other,I_6701638
Incorrect information on credit report,I_6947899
"Loan modification,collection,foreclosure",I_1351670
Disclosure verification of debt,I_5376247
Credit monitoring or identity protection,I_9464961
Unable to get credit report/credit score,I_3371660
Cont'd attempts collect debt not owed,I_8022374
Dealing with my lender or servicer,I_6870165
"Loan servicing, payments, escrow account",I_5571298
Taking/threatening an illegal action,I_3917177
Billing statement,I_4597654
Credit decision / Underwriting,I_6695924
Problems caused by my funds being low,I_5594182
Credit line increase/decrease,I_2584652
"Loan modification,collection,foreclosure",I_1550736
"Application, originator, mortgage broker",I_2732885
Disclosure verification of debt,I_8265492
Improper contact or sharing of info,I_9672492
Cont'd attempts collect debt not owed,I_9047049
Shopping for a loan or lease,I_7972471
"Account opening, closing, or management",I_1162253
Can't contact lender,I_3395641
Incorrect information on credit report,I_1238676
Deposits and withdrawals,I_4525960
Problems caused by my funds being low,I_7549677
Incorrect information on credit report,I_2682353
"Loan modification,collection,foreclosure",I_7978225
Credit card protection / Debt protection,I_4689024
Closing/Cancelling account,I_1474473
Cont'd attempts collect debt not owed,I_7012853
"Loan modification,collection,foreclosure",I_7891049
Late fee,I_5426384
Disclosure verification of debt,I_2173763
Credit determination,I_9280079
Incorrect information on credit report,I_8709750
Taking/threatening an illegal action,I_7803773
"Loan modification,collection,foreclosure",I_8914597
Cont'd attempts collect debt not owed,I_5492696
Cont'd attempts collect debt not owed,I_2584947
Cont'd attempts collect debt not owed,I_6898378
Cont'd attempts collect debt not owed,I_9381730
Cont'd attempts collect debt not owed,I_4654393
Taking out the loan or lease,I_8111763
"Loan servicing, payments, escrow account",I_8842289
Deposits and withdrawals,I_2584698
Cont'd attempts collect debt not owed,I_8110489
Credit reporting company's investigation,I_9699473
"Loan servicing, payments, escrow account",I_9308341
Can't repay my loan,I_9706541
Unable to get credit report/credit score,I_8012385
Late fee,I_4541887
Identity theft / Fraud / Embezzlement,I_9476280
"Account opening, closing, or management",I_2405827
Can't repay my loan,I_2975256
"Loan servicing, payments, escrow account",I_6188984
Incorrect information on credit report,I_8150847
"Loan servicing, payments, escrow account",I_8770530
"Application, originator, mortgage broker",I_7733924
Shopping for a loan or lease,I_2094164
Can't repay my loan,I_2045822
Cont'd attempts collect debt not owed,I_7099191
Cont'd attempts collect debt not owed,I_2025951
Credit reporting company's investigation,I_9173781
Problems caused by my funds being low,I_8709994
Delinquent account,I_2309235
Credit card protection / Debt protection,I_3976931
Incorrect information on credit report,I_4166553
Incorrect information on credit report,I_8216253
Disclosure verification of debt,I_7595186
Incorrect information on credit report,I_1640390
Credit decision / Underwriting,I_3346424
"Loan modification,collection,foreclosure",I_5397340
Deposits and withdrawals,I_3245796
Credit reporting company's investigation,I_2003175
Disclosure verification of debt,I_8993032
Using a debit or ATM card,I_6531822
"Application, originator, mortgage broker",I_6095553
Incorrect information on credit report,I_6769276
Disclosure verification of debt,I_1877125
Credit reporting company's investigation,I_4434122
Cont'd attempts collect debt not owed,I_7227242
"Loan modification,collection,foreclosure",I_6039141
Improper use of my credit report,I_3890097
Cont'd attempts collect debt not owed,I_9044163
Incorrect information on credit report,I_5533233
Cont'd attempts collect debt not owed,I_6600783
Disclosure verification of debt,I_8512685
"Loan servicing, payments, escrow account",I_5423837
"Loan servicing, payments, escrow account",I_7572033
"Loan modification,collection,foreclosure",I_5764594
Settlement process and costs,I_9438432
Unable to get credit report/credit score,I_2693688
Taking out the loan or lease,I_2074847
"Loan servicing, payments, escrow account",I_4551451
"Loan modification,collection,foreclosure",I_5395768
"Account opening, closing, or management",I_4067889
Cont'd attempts collect debt not owed,I_3434592
Cont'd attempts collect debt not owed,I_2624729
Billing disputes,I_4922766
Cont'd attempts collect debt not owed,I_1131324
Disclosure verification of debt,I_1646599
"Account opening, closing, or management",I_4207965
"Loan servicing, payments, escrow account",I_2678759
Dealing with my lender or servicer,I_5731068
Incorrect information on credit report,I_7777223
Credit reporting company's investigation,I_7330829
"Application, originator, mortgage broker",I_4835199
Disclosure verification of debt,I_8667647
Incorrect information on credit report,I_9872075
Taking/threatening an illegal action,I_4073235
Charged bank acct wrong day or amt,I_4105384
"Loan servicing, payments, escrow account",I_5257375
"Loan modification,collection,foreclosure",I_2697824
"Account opening, closing, or management",I_3374042
Credit reporting company's investigation,I_2146732
"Application, originator, mortgage broker",I_3588851
Can't repay my loan,I_9728643
Cont'd attempts collect debt not owed,I_4027136
Improper use of my credit report,I_1722150
Delinquent account,I_7436657
Improper contact or sharing of info,I_7759262
Disclosure verification of debt,I_2159964
"Application, originator, mortgage broker",I_4584071
Incorrect information on credit report,I_3795775
"Loan modification,collection,foreclosure",I_8961760
Cont'd attempts collect debt not owed,I_5771029
Cont'd attempts collect debt not owed,I_9343956
"Application, originator, mortgage broker",I_9789246
Improper contact or sharing of info,I_9463185
Dealing with my lender or servicer,I_1414426
Credit reporting company's investigation,I_6841369
Rewards,I_4130760
Improper use of my credit report,I_3757762
Cont'd attempts collect debt not owed,I_7714296
"Loan servicing, payments, escrow account",I_7862838
Incorrect information on credit report,I_5242942
Disclosure verification of debt,I_7857738
Improper use of my credit report,I_1922276
Improper use of my credit report,I_1754824
Settlement process and costs,I_7199980
Cont'd attempts collect debt not owed,I_4183945
Can't repay my loan,I_8498139
Dealing with my lender or servicer,I_5372098
"Loan modification,collection,foreclosure",I_3392581
Other,I_9464034
Taking/threatening an illegal action,I_9373531
Settlement process and costs,I_4737171
Credit reporting company's investigation,I_1503379
Credit reporting company's investigation,I_2514193
Problems when you are unable to pay,I_2198339
"Loan modification,collection,foreclosure",I_3360267
Credit reporting company's investigation,I_6954867
Billing disputes,I_5823435
"Application, originator, mortgage broker",I_2225594
Cont'd attempts collect debt not owed,I_3576487
Incorrect information on credit report,I_8954649
Incorrect information on credit report,I_4944241
"Loan servicing, payments, escrow account",I_2902762
Deposits and withdrawals,I_6634582
Incorrect information on credit report,I_7857366
Incorrect information on credit report,I_5859079
Problems caused by my funds being low,I_8590489
Problems caused by my funds being low,I_5337043
Improper use of my credit report,I_8617388
Credit reporting company's investigation,I_2562770
"Loan modification,collection,foreclosure",I_1442935
Incorrect information on credit report,I_4575924
"Account opening, closing, or management",I_9282674
Cont'd attempts collect debt not owed,I_9567537
"Loan modification,collection,foreclosure",I_8432754
Incorrect information on credit report,I_1308694
"Account opening, closing, or management",I_1257138
Incorrect information on credit report,I_2021862
Taking/threatening an illegal action,I_7113367
Incorrect information on credit report,I_2562481
Cont'd attempts collect debt not owed,I_4031558
Incorrect information on credit report,I_1586459
Incorrect information on credit report,I_5140693
"Account opening, closing, or management",I_6171391
Deposits and withdrawals,I_5908696
"Loan servicing, payments, escrow account",I_7650182
Dealing with my lender or servicer,I_6681155
"Loan modification,collection,foreclosure",I_8301779
"Loan modification,collection,foreclosure",I_4734737
Cont'd attempts collect debt not owed,I_5911192
Deposits and withdrawals,I_8588142
Cont'd attempts collect debt not owed,I_3179055
Cont'd attempts collect debt not owed,I_1261462
Incorrect information on credit report,I_2589268
"Loan servicing, payments, escrow account",I_6202295
"Account opening, closing, or management",I_2695938
Cont'd attempts collect debt not owed,I_9293473
Credit line increase/decrease,I_4040587
Credit determination,I_7965770
Unable to get credit report/credit score,I_2438099
Settlement process and costs,I_8623223
Cont'd attempts collect debt not owed,I_5633770
Billing statement,I_5986779
Cont'd attempts collect debt not owed,I_3670236
Dealing with my lender or servicer,I_7462478
"Loan modification,collection,foreclosure",I_9878276
Incorrect information on credit report,I_2213373
"Loan modification,collection,foreclosure",I_2857262
Incorrect information on credit report,I_1767465
Credit reporting company's investigation,I_8700750
Cont'd attempts collect debt not owed,I_7320855
Incorrect information on credit report,I_8565052
Incorrect/missing disclosures or info,I_2233737
Credit line increase/decrease,I_4420337
Disclosure verification of debt,I_6730052
Taking/threatening an illegal action,I_5181350
Disclosure verification of debt,I_2970751
Unsolicited issuance of credit card,I_6588531
Taking/threatening an illegal action,I_8448874
Credit line increase/decrease,I_1570330
Deposits and withdrawals,I_5509480
"Loan modification,collection,foreclosure",I_2748554
Incorrect information on credit report,I_5582641
Cont'd attempts collect debt not owed,I_6817987
Dealing with my lender or servicer,I_1377426
Cont'd attempts collect debt not owed,I_2585942
Credit card protection / Debt protection,I_8783084
Improper contact or sharing of info,I_8149573
"Loan modification,collection,foreclosure",I_4830166
Incorrect information on credit report,I_4121085
Incorrect information on credit report,I_9153046
Customer service / Customer relations,I_8965149
"Loan servicing, payments, escrow account",I_8663643
Cont'd attempts collect debt not owed,I_2886370
Unable to get credit report/credit score,I_2587561
Cont'd attempts collect debt not owed,I_3185089
Dealing with my lender or servicer,I_5545869
Can't repay my loan,I_4045678
Deposits and withdrawals,I_6980490
Improper use of my credit report,I_2584936
Problems when you are unable to pay,I_3980925
Dealing with my lender or servicer,I_2410282
Billing disputes,I_4286544
Improper contact or sharing of info,I_5876979
APR or interest rate,I_5238851
Incorrect information on credit report,I_2911392
"Loan modification,collection,foreclosure",I_5103588
Billing statement,I_1644688
"Loan modification,collection,foreclosure",I_5443680
Payoff process,I_1342752
Incorrect information on credit report,I_9087349
Closing/Cancelling account,I_8403272
Cont'd attempts collect debt not owed,I_8199758
Privacy,I_8091027
Incorrect information on credit report,I_2111624
Transaction issue,I_5597127
Improper use of my credit report,I_4315236
Incorrect information on credit report,I_8151371
Incorrect information on credit report,I_4279495
Cont'd attempts collect debt not owed,I_6844624
Cont'd attempts collect debt not owed,I_4159155
Dealing with my lender or servicer,I_9734799
"Loan servicing, payments, escrow account",I_4494785
Problems caused by my funds being low,I_3988089
Disclosure verification of debt,I_9806336
"Application, originator, mortgage broker",I_2125340
Settlement process and costs,I_3919332
Incorrect information on credit report,I_6343835
Cont'd attempts collect debt not owed,I_9346488
Lender repossessed or sold the vehicle,I_8091426
Problems when you are unable to pay,I_6199226
Dealing with my lender or servicer,I_4006263
"Account opening, closing, or management",I_2046825
"Making/receiving payments, sending money",I_9750893
Late fee,I_4997963
Other,I_2536370
"Account opening, closing, or management",I_6859571
Shopping for a loan or lease,I_2508287
Identity theft / Fraud / Embezzlement,I_7608651
"Application, originator, mortgage broker",I_7516999
Cont'd attempts collect debt not owed,I_3232332
Credit reporting company's investigation,I_8036848
Dealing with my lender or servicer,I_6205071
"Loan modification,collection,foreclosure",I_2877980
Unauthorized transactions/trans. issues,I_1974066
Other,I_9591146
"Loan modification,collection,foreclosure",I_3001068
Dealing with my lender or servicer,I_2612067
Taking/threatening an illegal action,I_9677747
Disclosure verification of debt,I_7467970
Problems when you are unable to pay,I_9969644
Payment to acct not credited,I_3697852
"Loan servicing, payments, escrow account",I_2727343
Unsolicited issuance of credit card,I_4156541
Late fee,I_7045779
Cont'd attempts collect debt not owed,I_5269777
"Loan servicing, payments, escrow account",I_9868243
Incorrect information on credit report,I_8543439
Incorrect information on credit report,I_3403183
"Making/receiving payments, sending money",I_9261235
Incorrect information on credit report,I_4274598
Dealing with my lender or servicer,I_3199599
Disclosure verification of debt,I_2238343
Credit decision / Underwriting,I_7020494
Deposits and withdrawals,I_6588761
Cont'd attempts collect debt not owed,I_7089146
Late fee,I_2753488
Disclosure verification of debt,I_3731486
Incorrect information on credit report,I_4667030
Credit reporting company's investigation,I_4301259
Rewards,I_7606629
Deposits and withdrawals,I_4232033
Cont'd attempts collect debt not owed,I_9301788
Billing disputes,I_3949286
Incorrect information on credit report,I_7572659
Can't repay my loan,I_4483931
Billing disputes,I_1630574
Taking out the loan or lease,I_5467129
Incorrect information on credit report,I_5274850
Advertising and marketing,I_1351063
Can't contact lender,I_7982064
Incorrect information on credit report,I_9628454
Balance transfer,I_5711429
Incorrect information on credit report,I_3144537
Dealing with my lender or servicer,I_9708523
Improper contact or sharing of info,I_2827481
Unable to get credit report/credit score,I_1372766
Cont'd attempts collect debt not owed,I_6612196
"Making/receiving payments, sending money",I_4597868
Credit monitoring or identity protection,I_5918771
Incorrect information on credit report,I_7240546
Disclosure verification of debt,I_1147573
Can't repay my loan,I_4860996
Settlement process and costs,I_9836591
Dealing with my lender or servicer,I_5788098
"Account opening, closing, or management",I_4649142
Incorrect information on credit report,I_1679769
Cont'd attempts collect debt not owed,I_8994589
"Loan servicing, payments, escrow account",I_8045162
Can't repay my loan,I_1442432
Incorrect information on credit report,I_4765841
Disclosure verification of debt,I_1743674
Using a debit or ATM card,I_6447736
"Loan modification,collection,foreclosure",I_4900151
Incorrect information on credit report,I_9669928
"Loan modification,collection,foreclosure",I_4033972
Deposits and withdrawals,I_3629882
"Loan servicing, payments, escrow account",I_8705455
"Account opening, closing, or management",I_1624246
Deposits and withdrawals,I_2181065
Incorrect information on credit report,I_5258845
Deposits and withdrawals,I_6269478
Dealing with my lender or servicer,I_1200759
Disclosure verification of debt,I_9657826
Taking out the loan or lease,I_8809581
Other service issues,I_5343196
Credit card protection / Debt protection,I_5637945
"Making/receiving payments, sending money",I_9374750
Cont'd attempts collect debt not owed,I_9307896
Cont'd attempts collect debt not owed,I_6520162
Incorrect information on credit report,I_3795243
Incorrect information on credit report,I_3698890
"Account opening, closing, or management",I_1508448
Incorrect information on credit report,I_8375061
Disclosure verification of debt,I_7910129
Incorrect information on credit report,I_1271263
Cont'd attempts collect debt not owed,I_8333873
Incorrect information on credit report,I_1720782
Cont'd attempts collect debt not owed,I_6090295
"Loan modification,collection,foreclosure",I_2864468
Taking/threatening an illegal action,I_9075570
"Application, originator, mortgage broker",I_2862678
Problems caused by my funds being low,I_2652166
"Account opening, closing, or management",I_3813978
"Loan servicing, payments, escrow account",I_1991228
"Loan servicing, payments, escrow account",I_3055422
Forbearance / Workout plans,I_5637291
Disclosure verification of debt,I_3187826
Cont'd attempts collect debt not owed,I_9527942
Other,I_2534076
Disclosure verification of debt,I_8828058
"Loan servicing, payments, escrow account",I_1975052
Cont'd attempts collect debt not owed,I_5609186
Credit reporting company's investigation,I_6523623
Cont'd attempts collect debt not owed,I_5851996
Taking out the loan or lease,I_7933644
"Loan modification,collection,foreclosure",I_5488035
"Loan servicing, payments, escrow account",I_7750668
Payoff process,I_9226268
Disclosure verification of debt,I_9068499
"Account opening, closing, or management",I_9654080
"Loan modification,collection,foreclosure",I_1455740
Cont'd attempts collect debt not owed,I_8142049
Unable to get credit report/credit score,I_1772255
Cont'd attempts collect debt not owed,I_6626254
Identity theft / Fraud / Embezzlement,I_8976337
Dealing with my lender or servicer,I_2244470
Billing disputes,I_4054268
Billing statement,I_6824481
Incorrect information on credit report,I_4709155
Incorrect information on credit report,I_2241124
"Loan servicing, payments, escrow account",I_7122850
Credit determination,I_2583588
Can't repay my loan,I_1839073
"Loan modification,collection,foreclosure",I_9421979
Problems when you are unable to pay,I_2780353
Billing disputes,I_2300995
Unable to get credit report/credit score,I_7561855
Taking/threatening an illegal action,I_7626127
"Account opening, closing, or management",I_5532251
Taking out the loan or lease,I_1512629
Credit reporting company's investigation,I_3605352
Delinquent account,I_7115678
"Loan modification,collection,foreclosure",I_2924153
Credit reporting company's investigation,I_2302675
Incorrect information on credit report,I_4474165
Improper contact or sharing of info,I_6517398
"Loan servicing, payments, escrow account",I_5481159
"Loan modification,collection,foreclosure",I_6597781
Cont'd attempts collect debt not owed,I_6239593
"Loan modification,collection,foreclosure",I_3910262
Credit card protection / Debt protection,I_9251498
Cont'd attempts collect debt not owed,I_6905086
Credit card protection / Debt protection,I_1880765
Charged fees or interest I didn't expect,I_9445049
Cont'd attempts collect debt not owed,I_5917930
Incorrect information on credit report,I_9056422
Shopping for a loan or lease,I_5435837
Disclosure verification of debt,I_4527251
Disclosure verification of debt,I_3097647
"Loan modification,collection,foreclosure",I_2896596
Delinquent account,I_1430382
Credit reporting company's investigation,I_5740273
Credit reporting company's investigation,I_4588656
Incorrect information on credit report,I_2553456
Deposits and withdrawals,I_9773534
"Loan modification,collection,foreclosure",I_5816670
Cont'd attempts collect debt not owed,I_3882146
Incorrect information on credit report,I_1558965
"Loan modification,collection,foreclosure",I_1238365
Dealing with my lender or servicer,I_6540293
"Loan servicing, payments, escrow account",I_6960556
Cont'd attempts collect debt not owed,I_6079359
"Loan servicing, payments, escrow account",I_1841341
Transaction issue,I_2183166
Closing/Cancelling account,I_1717074
Incorrect information on credit report,I_2755536
Delinquent account,I_7103697
"Making/receiving payments, sending money",I_6742351
"Loan modification,collection,foreclosure",I_6021549
Transaction issue,I_2747234
"Application, originator, mortgage broker",I_3492126
"Application, originator, mortgage broker",I_2344043
"Account opening, closing, or management",I_9233174
Disclosure verification of debt,I_4872383
Cont'd attempts collect debt not owed,I_7501943
Advertising and marketing,I_3276165
"Loan servicing, payments, escrow account",I_5379071
Incorrect information on credit report,I_9505630
Can't repay my loan,I_5007222
Disclosure verification of debt,I_9467332
Deposits and withdrawals,I_5474540
Incorrect information on credit report,I_7726832
Cont'd attempts collect debt not owed,I_2822792
Incorrect information on credit report,I_3548996
Transaction issue,I_6369176
"Application, originator, mortgage broker",I_8327193
"Loan servicing, payments, escrow account",I_9068068
"Loan servicing, payments, escrow account",I_4075987
Incorrect information on credit report,I_2858375
"Loan modification,collection,foreclosure",I_6684725